# HotD2VR authored AMS-inspired pistol; metres, +Z bore; vertex RGB
v 0 0.0024999995 -0.039999999 0.49804 0.52157 0.53725
v 0.012 -0.014 -0.039999999 0.49804 0.52157 0.53725
v -0.012 -0.014 -0.039999999 0.49804 0.52157 0.53725
v 0 0.0024999995 -0.039999999 0.49804 0.52157 0.53725
v 0.016000001 -0.0099999998 -0.039999999 0.49804 0.52157 0.53725
v 0.012 -0.014 -0.039999999 0.49804 0.52157 0.53725
v 0 0.0024999995 -0.039999999 0.49804 0.52157 0.53725
v 0.016000001 0.014999999 -0.039999999 0.49804 0.52157 0.53725
v 0.016000001 -0.0099999998 -0.039999999 0.49804 0.52157 0.53725
v 0 0.0024999995 -0.039999999 0.49804 0.52157 0.53725
v 0.012 0.018999999 -0.039999999 0.49804 0.52157 0.53725
v 0.016000001 0.014999999 -0.039999999 0.49804 0.52157 0.53725
v 0 0.0024999995 -0.039999999 0.49804 0.52157 0.53725
v -0.012 0.018999999 -0.039999999 0.49804 0.52157 0.53725
v 0.012 0.018999999 -0.039999999 0.49804 0.52157 0.53725
v 0 0.0024999995 -0.039999999 0.49804 0.52157 0.53725
v -0.016000001 0.014999999 -0.039999999 0.49804 0.52157 0.53725
v -0.012 0.018999999 -0.039999999 0.49804 0.52157 0.53725
v 0 0.0024999995 -0.039999999 0.49804 0.52157 0.53725
v -0.016000001 -0.0099999998 -0.039999999 0.49804 0.52157 0.53725
v -0.016000001 0.014999999 -0.039999999 0.49804 0.52157 0.53725
v 0 0.0024999995 -0.039999999 0.49804 0.52157 0.53725
v -0.012 -0.014 -0.039999999 0.49804 0.52157 0.53725
v -0.016000001 -0.0099999998 -0.039999999 0.49804 0.52157 0.53725
v -0.012 -0.014 -0.039999999 0.40392 0.42353 0.43529
v 0.012 -0.014 -0.039999999 0.40392 0.42353 0.43529
v 0.015 -0.017000001 -0.029999999 0.40392 0.42353 0.43529
v -0.012 -0.014 -0.039999999 0.40392 0.42353 0.43529
v 0.015 -0.017000001 -0.029999999 0.40392 0.42353 0.43529
v -0.015 -0.017000001 -0.029999999 0.40392 0.42353 0.43529
v 0.012 -0.014 -0.039999999 0.40392 0.42353 0.43529
v 0.016000001 -0.0099999998 -0.039999999 0.40392 0.42353 0.43529
v 0.02 -0.012000001 -0.029999999 0.40392 0.42353 0.43529
v 0.012 -0.014 -0.039999999 0.40392 0.42353 0.43529
v 0.02 -0.012000001 -0.029999999 0.40392 0.42353 0.43529
v 0.015 -0.017000001 -0.029999999 0.40392 0.42353 0.43529
v 0.016000001 -0.0099999998 -0.039999999 0.40392 0.42353 0.43529
v 0.016000001 0.014999999 -0.039999999 0.40392 0.42353 0.43529
v 0.02 0.017000001 -0.029999999 0.40392 0.42353 0.43529
v 0.016000001 -0.0099999998 -0.039999999 0.40392 0.42353 0.43529
v 0.02 0.017000001 -0.029999999 0.40392 0.42353 0.43529
v 0.02 -0.012000001 -0.029999999 0.40392 0.42353 0.43529
v 0.016000001 0.014999999 -0.039999999 0.54902 0.57255 0.59216
v 0.012 0.018999999 -0.039999999 0.54902 0.57255 0.59216
v 0.015 0.022 -0.029999999 0.54902 0.57255 0.59216
v 0.016000001 0.014999999 -0.039999999 0.54902 0.57255 0.59216
v 0.015 0.022 -0.029999999 0.54902 0.57255 0.59216
v 0.02 0.017000001 -0.029999999 0.54902 0.57255 0.59216
v 0.012 0.018999999 -0.039999999 0.68235 0.71373 0.73725
v -0.012 0.018999999 -0.039999999 0.68235 0.71373 0.73725
v -0.015 0.022 -0.029999999 0.68235 0.71373 0.73725
v 0.012 0.018999999 -0.039999999 0.68235 0.71373 0.73725
v -0.015 0.022 -0.029999999 0.68235 0.71373 0.73725
v 0.015 0.022 -0.029999999 0.68235 0.71373 0.73725
v -0.012 0.018999999 -0.039999999 0.69412 0.72157 0.7451
v -0.016000001 0.014999999 -0.039999999 0.69412 0.72157 0.7451
v -0.02 0.017000001 -0.029999999 0.69412 0.72157 0.7451
v -0.012 0.018999999 -0.039999999 0.69412 0.72157 0.7451
v -0.02 0.017000001 -0.029999999 0.69412 0.72157 0.7451
v -0.015 0.022 -0.029999999 0.69412 0.72157 0.7451
v -0.016000001 0.014999999 -0.039999999 0.55686 0.58039 0.59608
v -0.016000001 -0.0099999998 -0.039999999 0.55686 0.58039 0.59608
v -0.02 -0.012000001 -0.029999999 0.55686 0.58039 0.59608
v -0.016000001 0.014999999 -0.039999999 0.55686 0.58039 0.59608
v -0.02 -0.012000001 -0.029999999 0.55686 0.58039 0.59608
v -0.02 0.017000001 -0.029999999 0.55686 0.58039 0.59608
v -0.016000001 -0.0099999998 -0.039999999 0.40392 0.42353 0.43529
v -0.012 -0.014 -0.039999999 0.40392 0.42353 0.43529
v -0.015 -0.017000001 -0.029999999 0.40392 0.42353 0.43529
v -0.016000001 -0.0099999998 -0.039999999 0.40392 0.42353 0.43529
v -0.015 -0.017000001 -0.029999999 0.40392 0.42353 0.43529
v -0.02 -0.012000001 -0.029999999 0.40392 0.42353 0.43529
v -0.015 -0.017000001 -0.029999999 0.40392 0.42353 0.43529
v 0.015 -0.017000001 -0.029999999 0.40392 0.42353 0.43529
v 0.015 -0.017000001 0.16 0.40392 0.42353 0.43529
v -0.015 -0.017000001 -0.029999999 0.40392 0.42353 0.43529
v 0.015 -0.017000001 0.16 0.40392 0.42353 0.43529
v -0.015 -0.017000001 0.16 0.40392 0.42353 0.43529
v 0.015 -0.017000001 -0.029999999 0.40392 0.42353 0.43529
v 0.02 -0.012000001 -0.029999999 0.40392 0.42353 0.43529
v 0.02 -0.012000001 0.16 0.40392 0.42353 0.43529
v 0.015 -0.017000001 -0.029999999 0.40392 0.42353 0.43529
v 0.02 -0.012000001 0.16 0.40392 0.42353 0.43529
v 0.015 -0.017000001 0.16 0.40392 0.42353 0.43529
v 0.02 -0.012000001 -0.029999999 0.40392 0.42353 0.43529
v 0.02 0.017000001 -0.029999999 0.40392 0.42353 0.43529
v 0.02 0.017000001 0.16 0.40392 0.42353 0.43529
v 0.02 -0.012000001 -0.029999999 0.40392 0.42353 0.43529
v 0.02 0.017000001 0.16 0.40392 0.42353 0.43529
v 0.02 -0.012000001 0.16 0.40392 0.42353 0.43529
v 0.02 0.017000001 -0.029999999 0.50588 0.52549 0.5451
v 0.015 0.022 -0.029999999 0.50588 0.52549 0.5451
v 0.015 0.022 0.16 0.50588 0.52549 0.5451
v 0.02 0.017000001 -0.029999999 0.50588 0.52549 0.5451
v 0.015 0.022 0.16 0.50588 0.52549 0.5451
v 0.02 0.017000001 0.16 0.50588 0.52549 0.5451
v 0.015 0.022 -0.029999999 0.6549 0.68627 0.70588
v -0.015 0.022 -0.029999999 0.6549 0.68627 0.70588
v -0.015 0.022 0.16 0.6549 0.68627 0.70588
v 0.015 0.022 -0.029999999 0.6549 0.68627 0.70588
v -0.015 0.022 0.16 0.6549 0.68627 0.70588
v 0.015 0.022 0.16 0.6549 0.68627 0.70588
v -0.015 0.022 -0.029999999 0.65882 0.68627 0.7098
v -0.02 0.017000001 -0.029999999 0.65882 0.68627 0.7098
v -0.02 0.017000001 0.16 0.65882 0.68627 0.7098
v -0.015 0.022 -0.029999999 0.65882 0.68627 0.7098
v -0.02 0.017000001 0.16 0.65882 0.68627 0.7098
v -0.015 0.022 0.16 0.65882 0.68627 0.7098
v -0.02 0.017000001 -0.029999999 0.5098 0.53333 0.54902
v -0.02 -0.012000001 -0.029999999 0.5098 0.53333 0.54902
v -0.02 -0.012000001 0.16 0.5098 0.53333 0.54902
v -0.02 0.017000001 -0.029999999 0.5098 0.53333 0.54902
v -0.02 -0.012000001 0.16 0.5098 0.53333 0.54902
v -0.02 0.017000001 0.16 0.5098 0.53333 0.54902
v -0.02 -0.012000001 -0.029999999 0.40392 0.42353 0.43529
v -0.015 -0.017000001 -0.029999999 0.40392 0.42353 0.43529
v -0.015 -0.017000001 0.16 0.40392 0.42353 0.43529
v -0.02 -0.012000001 -0.029999999 0.40392 0.42353 0.43529
v -0.015 -0.017000001 0.16 0.40392 0.42353 0.43529
v -0.02 -0.012000001 0.16 0.40392 0.42353 0.43529
v 0 0.0020000003 0.17200001 0.37255 0.38824 0.4
v -0.013 -0.013 0.17200001 0.37255 0.38824 0.4
v 0.013 -0.013 0.17200001 0.37255 0.38824 0.4
v 0 0.0020000003 0.17200001 0.37255 0.38824 0.4
v 0.013 -0.013 0.17200001 0.37255 0.38824 0.4
v 0.016000001 -0.0099999998 0.17200001 0.37255 0.38824 0.4
v 0 0.0020000003 0.17200001 0.37255 0.38824 0.4
v 0.016000001 -0.0099999998 0.17200001 0.37255 0.38824 0.4
v 0.016000001 0.014 0.17200001 0.37255 0.38824 0.4
v 0 0.0020000003 0.17200001 0.37255 0.38824 0.4
v 0.016000001 0.014 0.17200001 0.37255 0.38824 0.4
v 0.013 0.017000001 0.17200001 0.37255 0.38824 0.4
v 0 0.0020000003 0.17200001 0.37255 0.38824 0.4
v 0.013 0.017000001 0.17200001 0.37255 0.38824 0.4
v -0.013 0.017000001 0.17200001 0.37255 0.38824 0.4
v 0 0.0020000003 0.17200001 0.37255 0.38824 0.4
v -0.013 0.017000001 0.17200001 0.37255 0.38824 0.4
v -0.016000001 0.014 0.17200001 0.37255 0.38824 0.4
v 0 0.0020000003 0.17200001 0.37255 0.38824 0.4
v -0.016000001 0.014 0.17200001 0.37255 0.38824 0.4
v -0.016000001 -0.0099999998 0.17200001 0.37255 0.38824 0.4
v 0 0.0020000003 0.17200001 0.37255 0.38824 0.4
v -0.016000001 -0.0099999998 0.17200001 0.37255 0.38824 0.4
v -0.013 -0.013 0.17200001 0.37255 0.38824 0.4
v -0.015 -0.017000001 0.16 0.40392 0.42353 0.43529
v 0.015 -0.017000001 0.16 0.40392 0.42353 0.43529
v 0.013 -0.013 0.17200001 0.40392 0.42353 0.43529
v -0.015 -0.017000001 0.16 0.40392 0.42353 0.43529
v 0.013 -0.013 0.17200001 0.40392 0.42353 0.43529
v -0.013 -0.013 0.17200001 0.40392 0.42353 0.43529
v 0.015 -0.017000001 0.16 0.40392 0.42353 0.43529
v 0.02 -0.012000001 0.16 0.40392 0.42353 0.43529
v 0.016000001 -0.0099999998 0.17200001 0.40392 0.42353 0.43529
v 0.015 -0.017000001 0.16 0.40392 0.42353 0.43529
v 0.016000001 -0.0099999998 0.17200001 0.40392 0.42353 0.43529
v 0.013 -0.013 0.17200001 0.40392 0.42353 0.43529
v 0.02 -0.012000001 0.16 0.40392 0.42353 0.43529
v 0.02 0.017000001 0.16 0.40392 0.42353 0.43529
v 0.016000001 0.014 0.17200001 0.40392 0.42353 0.43529
v 0.02 -0.012000001 0.16 0.40392 0.42353 0.43529
v 0.016000001 0.014 0.17200001 0.40392 0.42353 0.43529
v 0.016000001 -0.0099999998 0.17200001 0.40392 0.42353 0.43529
v 0.02 0.017000001 0.16 0.44314 0.46275 0.47843
v 0.015 0.022 0.16 0.44314 0.46275 0.47843
v 0.013 0.017000001 0.17200001 0.44314 0.46275 0.47843
v 0.02 0.017000001 0.16 0.44314 0.46275 0.47843
v 0.013 0.017000001 0.17200001 0.44314 0.46275 0.47843
v 0.016000001 0.014 0.17200001 0.44314 0.46275 0.47843
v 0.015 0.022 0.16 0.58431 0.60784 0.62745
v -0.015 0.022 0.16 0.58431 0.60784 0.62745
v -0.013 0.017000001 0.17200001 0.58431 0.60784 0.62745
v 0.015 0.022 0.16 0.58431 0.60784 0.62745
v -0.013 0.017000001 0.17200001 0.58431 0.60784 0.62745
v 0.013 0.017000001 0.17200001 0.58431 0.60784 0.62745
v -0.015 0.022 0.16 0.58431 0.61176 0.63137
v -0.02 0.017000001 0.16 0.58431 0.61176 0.63137
v -0.016000001 0.014 0.17200001 0.58431 0.61176 0.63137
v -0.015 0.022 0.16 0.58431 0.61176 0.63137
v -0.016000001 0.014 0.17200001 0.58431 0.61176 0.63137
v -0.013 0.017000001 0.17200001 0.58431 0.61176 0.63137
v -0.02 0.017000001 0.16 0.45882 0.47843 0.49412
v -0.02 -0.012000001 0.16 0.45882 0.47843 0.49412
v -0.016000001 -0.0099999998 0.17200001 0.45882 0.47843 0.49412
v -0.02 0.017000001 0.16 0.45882 0.47843 0.49412
v -0.016000001 -0.0099999998 0.17200001 0.45882 0.47843 0.49412
v -0.016000001 0.014 0.17200001 0.45882 0.47843 0.49412
v -0.02 -0.012000001 0.16 0.40392 0.42353 0.43529
v -0.015 -0.017000001 0.16 0.40392 0.42353 0.43529
v -0.013 -0.013 0.17200001 0.40392 0.42353 0.43529
v -0.02 -0.012000001 0.16 0.40392 0.42353 0.43529
v -0.013 -0.013 0.17200001 0.40392 0.42353 0.43529
v -0.016000001 -0.0099999998 0.17200001 0.40392 0.42353 0.43529
v 0.0068000001 0 0.17200001 0.28627 0.3098 0.32941
v 0.0058889729 0.0034 0.17200001 0.28627 0.3098 0.32941
v 0.0058889729 0.0034 0.18000001 0.28627 0.3098 0.32941
v 0.0068000001 0 0.17200001 0.28627 0.3098 0.32941
v 0.0058889729 0.0034 0.18000001 0.28627 0.3098 0.32941
v 0.0068000001 0 0.18000001 0.28627 0.3098 0.32941
v 0.0068000001 0 0.18000001 0.36471 0.38431 0.39608
v 0.0058889729 0.0034 0.18000001 0.36471 0.38431 0.39608
v 0.0038971142 0.0022499999 0.1802 0.36471 0.38431 0.39608
v 0.0068000001 0 0.18000001 0.36471 0.38431 0.39608
v 0.0038971142 0.0022499999 0.1802 0.36471 0.38431 0.39608
v 0.0044999998 0 0.1802 0.36471 0.38431 0.39608
v 0.0044999998 0 0.1802 0.043137 0.05098 0.066667
v 0.0038971142 0.0022499999 0.1802 0.043137 0.05098 0.066667
v 0.0038971142 0.0022499999 0.1725 0.043137 0.05098 0.066667
v 0.0044999998 0 0.1802 0.043137 0.05098 0.066667
v 0.0038971142 0.0022499999 0.1725 0.043137 0.05098 0.066667
v 0.0044999998 0 0.1725 0.043137 0.05098 0.066667
v 0 0 0.1723 0.015686 0.019608 0.023529
v 0.0044999998 0 0.1725 0.015686 0.019608 0.023529
v 0.0038971142 0.0022499999 0.1725 0.015686 0.019608 0.023529
v 0.0058889729 0.0034 0.17200001 0.35686 0.38431 0.41176
v 0.0033999998 0.0058889729 0.17200001 0.35686 0.38431 0.41176
v 0.0033999998 0.0058889729 0.18000001 0.35686 0.38431 0.41176
v 0.0058889729 0.0034 0.17200001 0.35686 0.38431 0.41176
v 0.0033999998 0.0058889729 0.18000001 0.35686 0.38431 0.41176
v 0.0058889729 0.0034 0.18000001 0.35686 0.38431 0.41176
v 0.0058889729 0.0034 0.18000001 0.36471 0.38431 0.39608
v 0.0033999998 0.0058889729 0.18000001 0.36471 0.38431 0.39608
v 0.0022499997 0.0038971144 0.1802 0.36471 0.38431 0.39608
v 0.0058889729 0.0034 0.18000001 0.36471 0.38431 0.39608
v 0.0022499997 0.0038971144 0.1802 0.36471 0.38431 0.39608
v 0.0038971142 0.0022499999 0.1802 0.36471 0.38431 0.39608
v 0.0038971142 0.0022499999 0.1802 0.039216 0.047059 0.058824
v 0.0022499997 0.0038971144 0.1802 0.039216 0.047059 0.058824
v 0.0022499997 0.0038971144 0.1725 0.039216 0.047059 0.058824
v 0.0038971142 0.0022499999 0.1802 0.039216 0.047059 0.058824
v 0.0022499997 0.0038971144 0.1725 0.039216 0.047059 0.058824
v 0.0038971142 0.0022499999 0.1725 0.039216 0.047059 0.058824
v 0 0 0.1723 0.015686 0.019608 0.023529
v 0.0038971142 0.0022499999 0.1725 0.015686 0.019608 0.023529
v 0.0022499997 0.0038971144 0.1725 0.015686 0.019608 0.023529
v 0.0033999998 0.0058889729 0.17200001 0.43922 0.47451 0.50196
v -2.9723746e-10 0.0068000001 0.17200001 0.43922 0.47451 0.50196
v -2.9723746e-10 0.0068000001 0.18000001 0.43922 0.47451 0.50196
v 0.0033999998 0.0058889729 0.17200001 0.43922 0.47451 0.50196
v -2.9723746e-10 0.0068000001 0.18000001 0.43922 0.47451 0.50196
v 0.0033999998 0.0058889729 0.18000001 0.43922 0.47451 0.50196
v 0.0033999998 0.0058889729 0.18000001 0.36471 0.38431 0.39608
v -2.9723746e-10 0.0068000001 0.18000001 0.36471 0.38431 0.39608
v -1.9670124e-10 0.0044999998 0.1802 0.36471 0.38431 0.39608
v 0.0033999998 0.0058889729 0.18000001 0.36471 0.38431 0.39608
v -1.9670124e-10 0.0044999998 0.1802 0.36471 0.38431 0.39608
v 0.0022499997 0.0038971144 0.1802 0.36471 0.38431 0.39608
v 0.0022499997 0.0038971144 0.1802 0.039216 0.047059 0.058824
v -1.9670124e-10 0.0044999998 0.1802 0.039216 0.047059 0.058824
v -1.9670124e-10 0.0044999998 0.1725 0.039216 0.047059 0.058824
v 0.0022499997 0.0038971144 0.1802 0.039216 0.047059 0.058824
v -1.9670124e-10 0.0044999998 0.1725 0.039216 0.047059 0.058824
v 0.0022499997 0.0038971144 0.1725 0.039216 0.047059 0.058824
v 0 0 0.1723 0.015686 0.019608 0.023529
v 0.0022499997 0.0038971144 0.1725 0.015686 0.019608 0.023529
v -1.9670124e-10 0.0044999998 0.1725 0.015686 0.019608 0.023529
v -2.9723746e-10 0.0068000001 0.17200001 0.47843 0.51373 0.54902
v -0.0034000005 0.0058889729 0.17200001 0.47843 0.51373 0.54902
v -0.0034000005 0.0058889729 0.18000001 0.47843 0.51373 0.54902
v -2.9723746e-10 0.0068000001 0.17200001 0.47843 0.51373 0.54902
v -0.0034000005 0.0058889729 0.18000001 0.47843 0.51373 0.54902
v -2.9723746e-10 0.0068000001 0.18000001 0.47843 0.51373 0.54902
v -2.9723746e-10 0.0068000001 0.18000001 0.36471 0.38431 0.39608
v -0.0034000005 0.0058889729 0.18000001 0.36471 0.38431 0.39608
v -0.0022500001 0.0038971142 0.1802 0.36471 0.38431 0.39608
v -2.9723746e-10 0.0068000001 0.18000001 0.36471 0.38431 0.39608
v -0.0022500001 0.0038971142 0.1802 0.36471 0.38431 0.39608
v -1.9670124e-10 0.0044999998 0.1802 0.36471 0.38431 0.39608
v -1.9670124e-10 0.0044999998 0.1802 0.039216 0.047059 0.058824
v -0.0022500001 0.0038971142 0.1802 0.039216 0.047059 0.058824
v -0.0022500001 0.0038971142 0.1725 0.039216 0.047059 0.058824
v -1.9670124e-10 0.0044999998 0.1802 0.039216 0.047059 0.058824
v -0.0022500001 0.0038971142 0.1725 0.039216 0.047059 0.058824
v -1.9670124e-10 0.0044999998 0.1725 0.039216 0.047059 0.058824
v 0 0 0.1723 0.015686 0.019608 0.023529
v -1.9670124e-10 0.0044999998 0.1725 0.015686 0.019608 0.023529
v -0.0022500001 0.0038971142 0.1725 0.015686 0.019608 0.023529
v -0.0034000005 0.0058889729 0.17200001 0.46667 0.50196 0.53333
v -0.0058889734 0.0033999989 0.17200001 0.46667 0.50196 0.53333
v -0.0058889734 0.0033999989 0.18000001 0.46667 0.50196 0.53333
v -0.0034000005 0.0058889729 0.17200001 0.46667 0.50196 0.53333
v -0.0058889734 0.0033999989 0.18000001 0.46667 0.50196 0.53333
v -0.0034000005 0.0058889729 0.18000001 0.46667 0.50196 0.53333
v -0.0034000005 0.0058889729 0.18000001 0.36471 0.38431 0.39608
v -0.0058889734 0.0033999989 0.18000001 0.36471 0.38431 0.39608
v -0.0038971147 0.0022499992 0.1802 0.36471 0.38431 0.39608
v -0.0034000005 0.0058889729 0.18000001 0.36471 0.38431 0.39608
v -0.0038971147 0.0022499992 0.1802 0.36471 0.38431 0.39608
v -0.0022500001 0.0038971142 0.1802 0.36471 0.38431 0.39608
v -0.0022500001 0.0038971142 0.1802 0.039216 0.047059 0.058824
v -0.0038971147 0.0022499992 0.1802 0.039216 0.047059 0.058824
v -0.0038971147 0.0022499992 0.1725 0.039216 0.047059 0.058824
v -0.0022500001 0.0038971142 0.1802 0.039216 0.047059 0.058824
v -0.0038971147 0.0022499992 0.1725 0.039216 0.047059 0.058824
v -0.0022500001 0.0038971142 0.1725 0.039216 0.047059 0.058824
v 0 0 0.1723 0.015686 0.019608 0.023529
v -0.0022500001 0.0038971142 0.1725 0.015686 0.019608 0.023529
v -0.0038971147 0.0022499992 0.1725 0.015686 0.019608 0.023529
v -0.0058889734 0.0033999989 0.17200001 0.40392 0.43529 0.46275
v -0.0068000001 -5.9447491e-10 0.17200001 0.40392 0.43529 0.46275
v -0.0068000001 -5.9447491e-10 0.18000001 0.40392 0.43529 0.46275
v -0.0058889734 0.0033999989 0.17200001 0.40392 0.43529 0.46275
v -0.0068000001 -5.9447491e-10 0.18000001 0.40392 0.43529 0.46275
v -0.0058889734 0.0033999989 0.18000001 0.40392 0.43529 0.46275
v -0.0058889734 0.0033999989 0.18000001 0.36471 0.38431 0.39608
v -0.0068000001 -5.9447491e-10 0.18000001 0.36471 0.38431 0.39608
v -0.0044999998 -3.9340248e-10 0.1802 0.36471 0.38431 0.39608
v -0.0058889734 0.0033999989 0.18000001 0.36471 0.38431 0.39608
v -0.0044999998 -3.9340248e-10 0.1802 0.36471 0.38431 0.39608
v -0.0038971147 0.0022499992 0.1802 0.36471 0.38431 0.39608
v -0.0038971147 0.0022499992 0.1802 0.039216 0.047059 0.058824
v -0.0044999998 -3.9340248e-10 0.1802 0.039216 0.047059 0.058824
v -0.0044999998 -3.9340248e-10 0.1725 0.039216 0.047059 0.058824
v -0.0038971147 0.0022499992 0.1802 0.039216 0.047059 0.058824
v -0.0044999998 -3.9340248e-10 0.1725 0.039216 0.047059 0.058824
v -0.0038971147 0.0022499992 0.1725 0.039216 0.047059 0.058824
v 0 0 0.1723 0.015686 0.019608 0.023529
v -0.0038971147 0.0022499992 0.1725 0.015686 0.019608 0.023529
v -0.0044999998 -3.9340248e-10 0.1725 0.015686 0.019608 0.023529
v -0.0068000001 -5.9447491e-10 0.17200001 0.3098 0.33725 0.35686
v -0.005888972 -0.0034000012 0.17200001 0.3098 0.33725 0.35686
v -0.005888972 -0.0034000012 0.18000001 0.3098 0.33725 0.35686
v -0.0068000001 -5.9447491e-10 0.17200001 0.3098 0.33725 0.35686
v -0.005888972 -0.0034000012 0.18000001 0.3098 0.33725 0.35686
v -0.0068000001 -5.9447491e-10 0.18000001 0.3098 0.33725 0.35686
v -0.0068000001 -5.9447491e-10 0.18000001 0.36471 0.38431 0.39608
v -0.005888972 -0.0034000012 0.18000001 0.36471 0.38431 0.39608
v -0.0038971135 -0.0022500006 0.1802 0.36471 0.38431 0.39608
v -0.0068000001 -5.9447491e-10 0.18000001 0.36471 0.38431 0.39608
v -0.0038971135 -0.0022500006 0.1802 0.36471 0.38431 0.39608
v -0.0044999998 -3.9340248e-10 0.1802 0.36471 0.38431 0.39608
v -0.0044999998 -3.9340248e-10 0.1802 0.039216 0.047059 0.058824
v -0.0038971135 -0.0022500006 0.1802 0.039216 0.047059 0.058824
v -0.0038971135 -0.0022500006 0.1725 0.039216 0.047059 0.058824
v -0.0044999998 -3.9340248e-10 0.1802 0.039216 0.047059 0.058824
v -0.0038971135 -0.0022500006 0.1725 0.039216 0.047059 0.058824
v -0.0044999998 -3.9340248e-10 0.1725 0.039216 0.047059 0.058824
v 0 0 0.1723 0.015686 0.019608 0.023529
v -0.0044999998 -3.9340248e-10 0.1725 0.015686 0.019608 0.023529
v -0.0038971135 -0.0022500006 0.1725 0.015686 0.019608 0.023529
v -0.005888972 -0.0034000012 0.17200001 0.28627 0.3098 0.32941
v -0.0033999993 -0.0058889729 0.17200001 0.28627 0.3098 0.32941
v -0.0033999993 -0.0058889729 0.18000001 0.28627 0.3098 0.32941
v -0.005888972 -0.0034000012 0.17200001 0.28627 0.3098 0.32941
v -0.0033999993 -0.0058889729 0.18000001 0.28627 0.3098 0.32941
v -0.005888972 -0.0034000012 0.18000001 0.28627 0.3098 0.32941
v -0.005888972 -0.0034000012 0.18000001 0.36471 0.38431 0.39608
v -0.0033999993 -0.0058889729 0.18000001 0.36471 0.38431 0.39608
v -0.0022499994 -0.0038971144 0.1802 0.36471 0.38431 0.39608
v -0.005888972 -0.0034000012 0.18000001 0.36471 0.38431 0.39608
v -0.0022499994 -0.0038971144 0.1802 0.36471 0.38431 0.39608
v -0.0038971135 -0.0022500006 0.1802 0.36471 0.38431 0.39608
v -0.0038971135 -0.0022500006 0.1802 0.047059 0.058824 0.07451
v -0.0022499994 -0.0038971144 0.1802 0.047059 0.058824 0.07451
v -0.0022499994 -0.0038971144 0.1725 0.047059 0.058824 0.07451
v -0.0038971135 -0.0022500006 0.1802 0.047059 0.058824 0.07451
v -0.0022499994 -0.0038971144 0.1725 0.047059 0.058824 0.07451
v -0.0038971135 -0.0022500006 0.1725 0.047059 0.058824 0.07451
v 0 0 0.1723 0.015686 0.019608 0.023529
v -0.0038971135 -0.0022500006 0.1725 0.015686 0.019608 0.023529
v -0.0022499994 -0.0038971144 0.1725 0.015686 0.019608 0.023529
v -0.0033999993 -0.0058889729 0.17200001 0.28627 0.3098 0.32941
v 8.1089191e-11 -0.0068000001 0.17200001 0.28627 0.3098 0.32941
v 8.1089191e-11 -0.0068000001 0.18000001 0.28627 0.3098 0.32941
v -0.0033999993 -0.0058889729 0.17200001 0.28627 0.3098 0.32941
v 8.1089191e-11 -0.0068000001 0.18000001 0.28627 0.3098 0.32941
v -0.0033999993 -0.0058889729 0.18000001 0.28627 0.3098 0.32941
v -0.0033999993 -0.0058889729 0.18000001 0.36471 0.38431 0.39608
v 8.1089191e-11 -0.0068000001 0.18000001 0.36471 0.38431 0.39608
v 5.366196e-11 -0.0044999998 0.1802 0.36471 0.38431 0.39608
v -0.0033999993 -0.0058889729 0.18000001 0.36471 0.38431 0.39608
v 5.366196e-11 -0.0044999998 0.1802 0.36471 0.38431 0.39608
v -0.0022499994 -0.0038971144 0.1802 0.36471 0.38431 0.39608
v -0.0022499994 -0.0038971144 0.1802 0.058824 0.07451 0.094118
v 5.366196e-11 -0.0044999998 0.1802 0.058824 0.07451 0.094118
v 5.366196e-11 -0.0044999998 0.1725 0.058824 0.07451 0.094118
v -0.0022499994 -0.0038971144 0.1802 0.058824 0.07451 0.094118
v 5.366196e-11 -0.0044999998 0.1725 0.058824 0.07451 0.094118
v -0.0022499994 -0.0038971144 0.1725 0.058824 0.07451 0.094118
v 0 0 0.1723 0.015686 0.019608 0.023529
v -0.0022499994 -0.0038971144 0.1725 0.015686 0.019608 0.023529
v 5.366196e-11 -0.0044999998 0.1725 0.015686 0.019608 0.023529
v 8.1089191e-11 -0.0068000001 0.17200001 0.28627 0.3098 0.32941
v 0.0034000024 -0.0058889715 0.17200001 0.28627 0.3098 0.32941
v 0.0034000024 -0.0058889715 0.18000001 0.28627 0.3098 0.32941
v 8.1089191e-11 -0.0068000001 0.17200001 0.28627 0.3098 0.32941
v 0.0034000024 -0.0058889715 0.18000001 0.28627 0.3098 0.32941
v 8.1089191e-11 -0.0068000001 0.18000001 0.28627 0.3098 0.32941
v 8.1089191e-11 -0.0068000001 0.18000001 0.36471 0.38431 0.39608
v 0.0034000024 -0.0058889715 0.18000001 0.36471 0.38431 0.39608
v 0.0022500015 -0.0038971133 0.1802 0.36471 0.38431 0.39608
v 8.1089191e-11 -0.0068000001 0.18000001 0.36471 0.38431 0.39608
v 0.0022500015 -0.0038971133 0.1802 0.36471 0.38431 0.39608
v 5.366196e-11 -0.0044999998 0.1802 0.36471 0.38431 0.39608
v 5.366196e-11 -0.0044999998 0.1802 0.066667 0.078431 0.10196
v 0.0022500015 -0.0038971133 0.1802 0.066667 0.078431 0.10196
v 0.0022500015 -0.0038971133 0.1725 0.066667 0.078431 0.10196
v 5.366196e-11 -0.0044999998 0.1802 0.066667 0.078431 0.10196
v 0.0022500015 -0.0038971133 0.1725 0.066667 0.078431 0.10196
v 5.366196e-11 -0.0044999998 0.1725 0.066667 0.078431 0.10196
v 0 0 0.1723 0.015686 0.019608 0.023529
v 5.366196e-11 -0.0044999998 0.1725 0.015686 0.019608 0.023529
v 0.0022500015 -0.0038971133 0.1725 0.015686 0.019608 0.023529
v 0.0034000024 -0.0058889715 0.17200001 0.28627 0.3098 0.32941
v 0.0058889738 -0.0033999984 0.17200001 0.28627 0.3098 0.32941
v 0.0058889738 -0.0033999984 0.18000001 0.28627 0.3098 0.32941
v 0.0034000024 -0.0058889715 0.17200001 0.28627 0.3098 0.32941
v 0.0058889738 -0.0033999984 0.18000001 0.28627 0.3098 0.32941
v 0.0034000024 -0.0058889715 0.18000001 0.28627 0.3098 0.32941
v 0.0034000024 -0.0058889715 0.18000001 0.36471 0.38431 0.39608
v 0.0058889738 -0.0033999984 0.18000001 0.36471 0.38431 0.39608
v 0.0038971149 -0.0022499987 0.1802 0.36471 0.38431 0.39608
v 0.0034000024 -0.0058889715 0.18000001 0.36471 0.38431 0.39608
v 0.0038971149 -0.0022499987 0.1802 0.36471 0.38431 0.39608
v 0.0022500015 -0.0038971133 0.1802 0.36471 0.38431 0.39608
v 0.0022500015 -0.0038971133 0.1802 0.062745 0.078431 0.098039
v 0.0038971149 -0.0022499987 0.1802 0.062745 0.078431 0.098039
v 0.0038971149 -0.0022499987 0.1725 0.062745 0.078431 0.098039
v 0.0022500015 -0.0038971133 0.1802 0.062745 0.078431 0.098039
v 0.0038971149 -0.0022499987 0.1725 0.062745 0.078431 0.098039
v 0.0022500015 -0.0038971133 0.1725 0.062745 0.078431 0.098039
v 0 0 0.1723 0.015686 0.019608 0.023529
v 0.0022500015 -0.0038971133 0.1725 0.015686 0.019608 0.023529
v 0.0038971149 -0.0022499987 0.1725 0.015686 0.019608 0.023529
v 0.0058889738 -0.0033999984 0.17200001 0.28627 0.3098 0.32941
v 0.0068000001 1.1889498e-09 0.17200001 0.28627 0.3098 0.32941
v 0.0068000001 1.1889498e-09 0.18000001 0.28627 0.3098 0.32941
v 0.0058889738 -0.0033999984 0.17200001 0.28627 0.3098 0.32941
v 0.0068000001 1.1889498e-09 0.18000001 0.28627 0.3098 0.32941
v 0.0058889738 -0.0033999984 0.18000001 0.28627 0.3098 0.32941
v 0.0058889738 -0.0033999984 0.18000001 0.36471 0.38431 0.39608
v 0.0068000001 1.1889498e-09 0.18000001 0.36471 0.38431 0.39608
v 0.0044999998 7.8680495e-10 0.1802 0.36471 0.38431 0.39608
v 0.0058889738 -0.0033999984 0.18000001 0.36471 0.38431 0.39608
v 0.0044999998 7.8680495e-10 0.1802 0.36471 0.38431 0.39608
v 0.0038971149 -0.0022499987 0.1802 0.36471 0.38431 0.39608
v 0.0038971149 -0.0022499987 0.1802 0.054902 0.066667 0.086275
v 0.0044999998 7.8680495e-10 0.1802 0.054902 0.066667 0.086275
v 0.0044999998 7.8680495e-10 0.1725 0.054902 0.066667 0.086275
v 0.0038971149 -0.0022499987 0.1802 0.054902 0.066667 0.086275
v 0.0044999998 7.8680495e-10 0.1725 0.054902 0.066667 0.086275
v 0.0038971149 -0.0022499987 0.1725 0.054902 0.066667 0.086275
v 0 0 0.1723 0.015686 0.019608 0.023529
v 0.0038971149 -0.0022499987 0.1725 0.015686 0.019608 0.023529
v 0.0044999998 7.8680495e-10 0.1725 0.015686 0.019608 0.023529
v -0.017000001 -0.016000001 -0.037999999 0.18431 0.19608 0.21569
v -0.017000001 -0.023 0.141 0.18431 0.19608 0.21569
v -0.017000001 -0.014 0.134 0.18431 0.19608 0.21569
v 0.017000001 -0.016000001 -0.037999999 0.1451 0.15686 0.16863
v 0.017000001 -0.014 0.134 0.1451 0.15686 0.16863
v 0.017000001 -0.023 0.141 0.1451 0.15686 0.16863
v -0.017000001 -0.016000001 -0.037999999 0.18431 0.19608 0.21569
v -0.017000001 -0.028999999 0.111 0.18431 0.19608 0.21569
v -0.017000001 -0.023 0.141 0.18431 0.19608 0.21569
v 0.017000001 -0.016000001 -0.037999999 0.1451 0.15686 0.16863
v 0.017000001 -0.023 0.141 0.1451 0.15686 0.16863
v 0.017000001 -0.028999999 0.111 0.1451 0.15686 0.16863
v -0.017000001 -0.016000001 -0.037999999 0.18431 0.19608 0.21569
v -0.017000001 -0.028000001 0.023 0.18431 0.19608 0.21569
v -0.017000001 -0.028999999 0.111 0.18431 0.19608 0.21569
v 0.017000001 -0.016000001 -0.037999999 0.1451 0.15686 0.16863
v 0.017000001 -0.028999999 0.111 0.1451 0.15686 0.16863
v 0.017000001 -0.028000001 0.023 0.1451 0.15686 0.16863
v -0.017000001 -0.016000001 -0.037999999 0.18431 0.19608 0.21569
v -0.017000001 -0.037999999 -0.039000001 0.18431 0.19608 0.21569
v -0.017000001 -0.028000001 0.023 0.18431 0.19608 0.21569
v 0.017000001 -0.016000001 -0.037999999 0.1451 0.15686 0.16863
v 0.017000001 -0.028000001 0.023 0.1451 0.15686 0.16863
v 0.017000001 -0.037999999 -0.039000001 0.1451 0.15686 0.16863
v -0.017000001 -0.016000001 -0.037999999 0.23529 0.2549 0.27451
v -0.017000001 -0.014 0.134 0.23529 0.2549 0.27451
v 0.017000001 -0.014 0.134 0.23529 0.2549 0.27451
v -0.017000001 -0.016000001 -0.037999999 0.23529 0.2549 0.27451
v 0.017000001 -0.014 0.134 0.23529 0.2549 0.27451
v 0.017000001 -0.016000001 -0.037999999 0.23529 0.2549 0.27451
v -0.017000001 -0.014 0.134 0.16078 0.17255 0.18824
v -0.017000001 -0.023 0.141 0.16078 0.17255 0.18824
v 0.017000001 -0.023 0.141 0.16078 0.17255 0.18824
v -0.017000001 -0.014 0.134 0.16078 0.17255 0.18824
v 0.017000001 -0.023 0.141 0.16078 0.17255 0.18824
v 0.017000001 -0.014 0.134 0.16078 0.17255 0.18824
v -0.017000001 -0.023 0.141 0.1451 0.15686 0.16863
v -0.017000001 -0.028999999 0.111 0.1451 0.15686 0.16863
v 0.017000001 -0.028999999 0.111 0.1451 0.15686 0.16863
v -0.017000001 -0.023 0.141 0.1451 0.15686 0.16863
v 0.017000001 -0.028999999 0.111 0.1451 0.15686 0.16863
v 0.017000001 -0.023 0.141 0.1451 0.15686 0.16863
v -0.017000001 -0.028999999 0.111 0.1451 0.15686 0.16863
v -0.017000001 -0.028000001 0.023 0.1451 0.15686 0.16863
v 0.017000001 -0.028000001 0.023 0.1451 0.15686 0.16863
v -0.017000001 -0.028999999 0.111 0.1451 0.15686 0.16863
v 0.017000001 -0.028000001 0.023 0.1451 0.15686 0.16863
v 0.017000001 -0.028999999 0.111 0.1451 0.15686 0.16863
v -0.017000001 -0.028000001 0.023 0.1451 0.15686 0.16863
v -0.017000001 -0.037999999 -0.039000001 0.1451 0.15686 0.16863
v 0.017000001 -0.037999999 -0.039000001 0.1451 0.15686 0.16863
v -0.017000001 -0.028000001 0.023 0.1451 0.15686 0.16863
v 0.017000001 -0.037999999 -0.039000001 0.1451 0.15686 0.16863
v 0.017000001 -0.028000001 0.023 0.1451 0.15686 0.16863
v -0.017000001 -0.037999999 -0.039000001 0.2 0.21569 0.23137
v -0.017000001 -0.016000001 -0.037999999 0.2 0.21569 0.23137
v 0.017000001 -0.016000001 -0.037999999 0.2 0.21569 0.23137
v -0.017000001 -0.037999999 -0.039000001 0.2 0.21569 0.23137
v 0.017000001 -0.016000001 -0.037999999 0.2 0.21569 0.23137
v 0.017000001 -0.037999999 -0.039000001 0.2 0.21569 0.23137
v -0.015 -0.023 -0.037999999 0.1098 0.11765 0.13333
v -0.015 -0.101 -0.015 0.1098 0.11765 0.13333
v -0.015 -0.024 0.012 0.1098 0.11765 0.13333
v 0.015 -0.023 -0.037999999 0.086275 0.094118 0.10588
v 0.015 -0.024 0.012 0.086275 0.094118 0.10588
v 0.015 -0.101 -0.015 0.086275 0.094118 0.10588
v -0.015 -0.023 -0.037999999 0.1098 0.11765 0.13333
v -0.015 -0.105 -0.059999999 0.1098 0.11765 0.13333
v -0.015 -0.101 -0.015 0.1098 0.11765 0.13333
v 0.015 -0.023 -0.037999999 0.086275 0.094118 0.10588
v 0.015 -0.101 -0.015 0.086275 0.094118 0.10588
v 0.015 -0.105 -0.059999999 0.086275 0.094118 0.10588
v -0.015 -0.023 -0.037999999 0.1098 0.11765 0.13333
v -0.015 -0.093000002 -0.067000002 0.1098 0.11765 0.13333
v -0.015 -0.105 -0.059999999 0.1098 0.11765 0.13333
v 0.015 -0.023 -0.037999999 0.086275 0.094118 0.10588
v 0.015 -0.105 -0.059999999 0.086275 0.094118 0.10588
v 0.015 -0.093000002 -0.067000002 0.086275 0.094118 0.10588
v -0.015 -0.023 -0.037999999 0.14118 0.15294 0.17255
v -0.015 -0.024 0.012 0.14118 0.15294 0.17255
v 0.015 -0.024 0.012 0.14118 0.15294 0.17255
v -0.015 -0.023 -0.037999999 0.14118 0.15294 0.17255
v 0.015 -0.024 0.012 0.14118 0.15294 0.17255
v 0.015 -0.023 -0.037999999 0.14118 0.15294 0.17255
v -0.015 -0.024 0.012 0.086275 0.094118 0.10588
v -0.015 -0.101 -0.015 0.086275 0.094118 0.10588
v 0.015 -0.101 -0.015 0.086275 0.094118 0.10588
v -0.015 -0.024 0.012 0.086275 0.094118 0.10588
v 0.015 -0.101 -0.015 0.086275 0.094118 0.10588
v 0.015 -0.024 0.012 0.086275 0.094118 0.10588
v -0.015 -0.101 -0.015 0.086275 0.094118 0.10588
v -0.015 -0.105 -0.059999999 0.086275 0.094118 0.10588
v 0.015 -0.105 -0.059999999 0.086275 0.094118 0.10588
v -0.015 -0.101 -0.015 0.086275 0.094118 0.10588
v 0.015 -0.105 -0.059999999 0.086275 0.094118 0.10588
v 0.015 -0.101 -0.015 0.086275 0.094118 0.10588
v -0.015 -0.105 -0.059999999 0.086275 0.094118 0.10588
v -0.015 -0.093000002 -0.067000002 0.086275 0.094118 0.10588
v 0.015 -0.093000002 -0.067000002 0.086275 0.094118 0.10588
v -0.015 -0.105 -0.059999999 0.086275 0.094118 0.10588
v 0.015 -0.093000002 -0.067000002 0.086275 0.094118 0.10588
v 0.015 -0.105 -0.059999999 0.086275 0.094118 0.10588
v -0.015 -0.093000002 -0.067000002 0.13725 0.1451 0.16471
v -0.015 -0.023 -0.037999999 0.13725 0.1451 0.16471
v 0.015 -0.023 -0.037999999 0.13725 0.1451 0.16471
v -0.015 -0.093000002 -0.067000002 0.13725 0.1451 0.16471
v 0.015 -0.023 -0.037999999 0.13725 0.1451 0.16471
v 0.015 -0.093000002 -0.067000002 0.13725 0.1451 0.16471
v -0.0165 -0.029999999 -0.035999998 0.1451 0.15686 0.16863
v -0.0165 -0.090000004 -0.015 0.1451 0.15686 0.16863
v -0.0165 -0.033 0.0049999999 0.1451 0.15686 0.16863
v 0.0165 -0.029999999 -0.035999998 0.11373 0.12157 0.13333
v 0.0165 -0.033 0.0049999999 0.11373 0.12157 0.13333
v 0.0165 -0.090000004 -0.015 0.11373 0.12157 0.13333
v -0.0165 -0.029999999 -0.035999998 0.1451 0.15686 0.16863
v -0.0165 -0.093999997 -0.055 0.1451 0.15686 0.16863
v -0.0165 -0.090000004 -0.015 0.1451 0.15686 0.16863
v 0.0165 -0.029999999 -0.035999998 0.11373 0.12157 0.13333
v 0.0165 -0.090000004 -0.015 0.11373 0.12157 0.13333
v 0.0165 -0.093999997 -0.055 0.11373 0.12157 0.13333
v -0.0165 -0.029999999 -0.035999998 0.18431 0.19608 0.21176
v -0.0165 -0.033 0.0049999999 0.18431 0.19608 0.21176
v 0.0165 -0.033 0.0049999999 0.18431 0.19608 0.21176
v -0.0165 -0.029999999 -0.035999998 0.18431 0.19608 0.21176
v 0.0165 -0.033 0.0049999999 0.18431 0.19608 0.21176
v 0.0165 -0.029999999 -0.035999998 0.18431 0.19608 0.21176
v -0.0165 -0.033 0.0049999999 0.11373 0.12157 0.13333
v -0.0165 -0.090000004 -0.015 0.11373 0.12157 0.13333
v 0.0165 -0.090000004 -0.015 0.11373 0.12157 0.13333
v -0.0165 -0.033 0.0049999999 0.11373 0.12157 0.13333
v 0.0165 -0.090000004 -0.015 0.11373 0.12157 0.13333
v 0.0165 -0.033 0.0049999999 0.11373 0.12157 0.13333
v -0.0165 -0.090000004 -0.015 0.11373 0.12157 0.13333
v -0.0165 -0.093999997 -0.055 0.11373 0.12157 0.13333
v 0.0165 -0.093999997 -0.055 0.11373 0.12157 0.13333
v -0.0165 -0.090000004 -0.015 0.11373 0.12157 0.13333
v 0.0165 -0.093999997 -0.055 0.11373 0.12157 0.13333
v 0.0165 -0.090000004 -0.015 0.11373 0.12157 0.13333
v -0.0165 -0.093999997 -0.055 0.17255 0.18431 0.2
v -0.0165 -0.029999999 -0.035999998 0.17255 0.18431 0.2
v 0.0165 -0.029999999 -0.035999998 0.17255 0.18431 0.2
v -0.0165 -0.093999997 -0.055 0.17255 0.18431 0.2
v 0.0165 -0.029999999 -0.035999998 0.17255 0.18431 0.2
v 0.0165 -0.093999997 -0.055 0.17255 0.18431 0.2
v -0.0089999996 -0.039000001 0.079999998 0.16863 0.17647 0.19216
v -0.0089999996 -0.030580964 0.077411905 0.16863 0.17647 0.19216
v -0.0089999996 -0.033068407 0.06909699 0.16863 0.17647 0.19216
v -0.0089999996 -0.039000001 0.079999998 0.16863 0.17647 0.19216
v -0.0089999996 -0.033068407 0.06909699 0.16863 0.17647 0.19216
v -0.0089999996 -0.039000001 0.071000002 0.16863 0.17647 0.19216
v 0.0089999996 -0.039000001 0.079999998 0.13333 0.14118 0.15294
v 0.0089999996 -0.033068407 0.06909699 0.13333 0.14118 0.15294
v 0.0089999996 -0.030580964 0.077411905 0.13333 0.14118 0.15294
v 0.0089999996 -0.039000001 0.079999998 0.13333 0.14118 0.15294
v 0.0089999996 -0.039000001 0.071000002 0.13333 0.14118 0.15294
v 0.0089999996 -0.033068407 0.06909699 0.13333 0.14118 0.15294
v -0.0089999996 -0.039000001 0.079999998 0.15294 0.16078 0.17255
v 0.0089999996 -0.039000001 0.079999998 0.15294 0.16078 0.17255
v 0.0089999996 -0.030580964 0.077411905 0.15294 0.16078 0.17255
v -0.0089999996 -0.039000001 0.079999998 0.15294 0.16078 0.17255
v 0.0089999996 -0.030580964 0.077411905 0.15294 0.16078 0.17255
v -0.0089999996 -0.030580964 0.077411905 0.15294 0.16078 0.17255
v -0.0089999996 -0.039000001 0.071000002 0.10196 0.1098 0.12549
v 0.0089999996 -0.033068407 0.06909699 0.10196 0.1098 0.12549
v 0.0089999996 -0.039000001 0.071000002 0.10196 0.1098 0.12549
v -0.0089999996 -0.039000001 0.071000002 0.10196 0.1098 0.12549
v -0.0089999996 -0.033068407 0.06909699 0.10196 0.1098 0.12549
v 0.0089999996 -0.033068407 0.06909699 0.10196 0.1098 0.12549
v -0.0089999996 -0.030580964 0.077411905 0.16863 0.17647 0.19216
v -0.0089999996 -0.023443652 0.070041634 0.16863 0.17647 0.19216
v -0.0089999996 -0.028039847 0.063677669 0.16863 0.17647 0.19216
v -0.0089999996 -0.030580964 0.077411905 0.16863 0.17647 0.19216
v -0.0089999996 -0.028039847 0.063677669 0.16863 0.17647 0.19216
v -0.0089999996 -0.033068407 0.06909699 0.16863 0.17647 0.19216
v 0.0089999996 -0.030580964 0.077411905 0.13333 0.14118 0.15294
v 0.0089999996 -0.028039847 0.063677669 0.13333 0.14118 0.15294
v 0.0089999996 -0.023443652 0.070041634 0.13333 0.14118 0.15294
v 0.0089999996 -0.030580964 0.077411905 0.13333 0.14118 0.15294
v 0.0089999996 -0.033068407 0.06909699 0.13333 0.14118 0.15294
v 0.0089999996 -0.028039847 0.063677669 0.13333 0.14118 0.15294
v -0.0089999996 -0.030580964 0.077411905 0.18431 0.19608 0.20784
v 0.0089999996 -0.030580964 0.077411905 0.18431 0.19608 0.20784
v 0.0089999996 -0.023443652 0.070041634 0.18431 0.19608 0.20784
v -0.0089999996 -0.030580964 0.077411905 0.18431 0.19608 0.20784
v 0.0089999996 -0.023443652 0.070041634 0.18431 0.19608 0.20784
v -0.0089999996 -0.023443652 0.070041634 0.18431 0.19608 0.20784
v -0.0089999996 -0.033068407 0.06909699 0.090196 0.098039 0.1098
v 0.0089999996 -0.028039847 0.063677669 0.090196 0.098039 0.1098
v 0.0089999996 -0.033068407 0.06909699 0.090196 0.098039 0.1098
v -0.0089999996 -0.033068407 0.06909699 0.090196 0.098039 0.1098
v -0.0089999996 -0.028039847 0.063677669 0.090196 0.098039 0.1098
v 0.0089999996 -0.028039847 0.063677669 0.090196 0.098039 0.1098
v -0.0089999996 -0.023443652 0.070041634 0.16863 0.17647 0.19216
v -0.0089999996 -0.018674651 0.059011236 0.16863 0.17647 0.19216
v -0.0089999996 -0.024679869 0.055567086 0.16863 0.17647 0.19216
v -0.0089999996 -0.023443652 0.070041634 0.16863 0.17647 0.19216
v -0.0089999996 -0.024679869 0.055567086 0.16863 0.17647 0.19216
v -0.0089999996 -0.028039847 0.063677669 0.16863 0.17647 0.19216
v 0.0089999996 -0.023443652 0.070041634 0.13333 0.14118 0.15294
v 0.0089999996 -0.024679869 0.055567086 0.13333 0.14118 0.15294
v 0.0089999996 -0.018674651 0.059011236 0.13333 0.14118 0.15294
v 0.0089999996 -0.023443652 0.070041634 0.13333 0.14118 0.15294
v 0.0089999996 -0.028039847 0.063677669 0.13333 0.14118 0.15294
v 0.0089999996 -0.024679869 0.055567086 0.13333 0.14118 0.15294
v -0.0089999996 -0.023443652 0.070041634 0.21961 0.23137 0.24706
v 0.0089999996 -0.023443652 0.070041634 0.21961 0.23137 0.24706
v 0.0089999996 -0.018674651 0.059011236 0.21961 0.23137 0.24706
v -0.0089999996 -0.023443652 0.070041634 0.21961 0.23137 0.24706
v 0.0089999996 -0.018674651 0.059011236 0.21961 0.23137 0.24706
v -0.0089999996 -0.018674651 0.059011236 0.21961 0.23137 0.24706
v -0.0089999996 -0.028039847 0.063677669 0.090196 0.098039 0.1098
v 0.0089999996 -0.024679869 0.055567086 0.090196 0.098039 0.1098
v 0.0089999996 -0.028039847 0.063677669 0.090196 0.098039 0.1098
v -0.0089999996 -0.028039847 0.063677669 0.090196 0.098039 0.1098
v -0.0089999996 -0.024679869 0.055567086 0.090196 0.098039 0.1098
v 0.0089999996 -0.024679869 0.055567086 0.090196 0.098039 0.1098
v -0.0089999996 -0.018674651 0.059011236 0.16863 0.17647 0.19216
v -0.0089999996 -0.017000001 0.046 0.16863 0.17647 0.19216
v -0.0089999996 -0.023500001 0.046 0.16863 0.17647 0.19216
v -0.0089999996 -0.018674651 0.059011236 0.16863 0.17647 0.19216
v -0.0089999996 -0.023500001 0.046 0.16863 0.17647 0.19216
v -0.0089999996 -0.024679869 0.055567086 0.16863 0.17647 0.19216
v 0.0089999996 -0.018674651 0.059011236 0.13333 0.14118 0.15294
v 0.0089999996 -0.023500001 0.046 0.13333 0.14118 0.15294
v 0.0089999996 -0.017000001 0.046 0.13333 0.14118 0.15294
v 0.0089999996 -0.018674651 0.059011236 0.13333 0.14118 0.15294
v 0.0089999996 -0.024679869 0.055567086 0.13333 0.14118 0.15294
v 0.0089999996 -0.023500001 0.046 0.13333 0.14118 0.15294
v -0.0089999996 -0.018674651 0.059011236 0.23922 0.2549 0.27059
v 0.0089999996 -0.018674651 0.059011236 0.23922 0.2549 0.27059
v 0.0089999996 -0.017000001 0.046 0.23922 0.2549 0.27059
v -0.0089999996 -0.018674651 0.059011236 0.23922 0.2549 0.27059
v 0.0089999996 -0.017000001 0.046 0.23922 0.2549 0.27059
v -0.0089999996 -0.017000001 0.046 0.23922 0.2549 0.27059
v -0.0089999996 -0.024679869 0.055567086 0.090196 0.098039 0.1098
v 0.0089999996 -0.023500001 0.046 0.090196 0.098039 0.1098
v 0.0089999996 -0.024679869 0.055567086 0.090196 0.098039 0.1098
v -0.0089999996 -0.024679869 0.055567086 0.090196 0.098039 0.1098
v -0.0089999996 -0.023500001 0.046 0.090196 0.098039 0.1098
v 0.0089999996 -0.023500001 0.046 0.090196 0.098039 0.1098
v -0.0089999996 -0.017000001 0.046 0.16863 0.17647 0.19216
v -0.0089999996 -0.018674651 0.032988761 0.16863 0.17647 0.19216
v -0.0089999996 -0.024679869 0.036432911 0.16863 0.17647 0.19216
v -0.0089999996 -0.017000001 0.046 0.16863 0.17647 0.19216
v -0.0089999996 -0.024679869 0.036432911 0.16863 0.17647 0.19216
v -0.0089999996 -0.023500001 0.046 0.16863 0.17647 0.19216
v 0.0089999996 -0.017000001 0.046 0.13333 0.14118 0.15294
v 0.0089999996 -0.024679869 0.036432911 0.13333 0.14118 0.15294
v 0.0089999996 -0.018674651 0.032988761 0.13333 0.14118 0.15294
v 0.0089999996 -0.017000001 0.046 0.13333 0.14118 0.15294
v 0.0089999996 -0.023500001 0.046 0.13333 0.14118 0.15294
v 0.0089999996 -0.024679869 0.036432911 0.13333 0.14118 0.15294
v -0.0089999996 -0.017000001 0.046 0.25098 0.26667 0.28627
v 0.0089999996 -0.017000001 0.046 0.25098 0.26667 0.28627
v 0.0089999996 -0.018674651 0.032988761 0.25098 0.26667 0.28627
v -0.0089999996 -0.017000001 0.046 0.25098 0.26667 0.28627
v 0.0089999996 -0.018674651 0.032988761 0.25098 0.26667 0.28627
v -0.0089999996 -0.018674651 0.032988761 0.25098 0.26667 0.28627
v -0.0089999996 -0.023500001 0.046 0.090196 0.098039 0.1098
v 0.0089999996 -0.024679869 0.036432911 0.090196 0.098039 0.1098
v 0.0089999996 -0.023500001 0.046 0.090196 0.098039 0.1098
v -0.0089999996 -0.023500001 0.046 0.090196 0.098039 0.1098
v -0.0089999996 -0.024679869 0.036432911 0.090196 0.098039 0.1098
v 0.0089999996 -0.024679869 0.036432911 0.090196 0.098039 0.1098
v -0.0089999996 -0.018674651 0.032988761 0.16863 0.17647 0.19216
v -0.0089999996 -0.023443652 0.021958368 0.16863 0.17647 0.19216
v -0.0089999996 -0.028039847 0.02832233 0.16863 0.17647 0.19216
v -0.0089999996 -0.018674651 0.032988761 0.16863 0.17647 0.19216
v -0.0089999996 -0.028039847 0.02832233 0.16863 0.17647 0.19216
v -0.0089999996 -0.024679869 0.036432911 0.16863 0.17647 0.19216
v 0.0089999996 -0.018674651 0.032988761 0.13333 0.14118 0.15294
v 0.0089999996 -0.028039847 0.02832233 0.13333 0.14118 0.15294
v 0.0089999996 -0.023443652 0.021958368 0.13333 0.14118 0.15294
v 0.0089999996 -0.018674651 0.032988761 0.13333 0.14118 0.15294
v 0.0089999996 -0.024679869 0.036432911 0.13333 0.14118 0.15294
v 0.0089999996 -0.028039847 0.02832233 0.13333 0.14118 0.15294
v -0.0089999996 -0.018674651 0.032988761 0.25882 0.27451 0.29412
v 0.0089999996 -0.018674651 0.032988761 0.25882 0.27451 0.29412
v 0.0089999996 -0.023443652 0.021958368 0.25882 0.27451 0.29412
v -0.0089999996 -0.018674651 0.032988761 0.25882 0.27451 0.29412
v 0.0089999996 -0.023443652 0.021958368 0.25882 0.27451 0.29412
v -0.0089999996 -0.023443652 0.021958368 0.25882 0.27451 0.29412
v -0.0089999996 -0.024679869 0.036432911 0.090196 0.098039 0.1098
v 0.0089999996 -0.028039847 0.02832233 0.090196 0.098039 0.1098
v 0.0089999996 -0.024679869 0.036432911 0.090196 0.098039 0.1098
v -0.0089999996 -0.024679869 0.036432911 0.090196 0.098039 0.1098
v -0.0089999996 -0.028039847 0.02832233 0.090196 0.098039 0.1098
v 0.0089999996 -0.028039847 0.02832233 0.090196 0.098039 0.1098
v -0.0089999996 -0.023443652 0.021958368 0.16863 0.17647 0.19216
v -0.0089999996 -0.030580968 0.014588092 0.16863 0.17647 0.19216
v -0.0089999996 -0.033068411 0.022903008 0.16863 0.17647 0.19216
v -0.0089999996 -0.023443652 0.021958368 0.16863 0.17647 0.19216
v -0.0089999996 -0.033068411 0.022903008 0.16863 0.17647 0.19216
v -0.0089999996 -0.028039847 0.02832233 0.16863 0.17647 0.19216
v 0.0089999996 -0.023443652 0.021958368 0.13333 0.14118 0.15294
v 0.0089999996 -0.033068411 0.022903008 0.13333 0.14118 0.15294
v 0.0089999996 -0.030580968 0.014588092 0.13333 0.14118 0.15294
v 0.0089999996 -0.023443652 0.021958368 0.13333 0.14118 0.15294
v 0.0089999996 -0.028039847 0.02832233 0.13333 0.14118 0.15294
v 0.0089999996 -0.033068411 0.022903008 0.13333 0.14118 0.15294
v -0.0089999996 -0.023443652 0.021958368 0.25882 0.27059 0.2902
v 0.0089999996 -0.023443652 0.021958368 0.25882 0.27059 0.2902
v 0.0089999996 -0.030580968 0.014588092 0.25882 0.27059 0.2902
v -0.0089999996 -0.023443652 0.021958368 0.25882 0.27059 0.2902
v 0.0089999996 -0.030580968 0.014588092 0.25882 0.27059 0.2902
v -0.0089999996 -0.030580968 0.014588092 0.25882 0.27059 0.2902
v -0.0089999996 -0.028039847 0.02832233 0.090196 0.098039 0.1098
v 0.0089999996 -0.033068411 0.022903008 0.090196 0.098039 0.1098
v 0.0089999996 -0.028039847 0.02832233 0.090196 0.098039 0.1098
v -0.0089999996 -0.028039847 0.02832233 0.090196 0.098039 0.1098
v -0.0089999996 -0.033068411 0.022903008 0.090196 0.098039 0.1098
v 0.0089999996 -0.033068411 0.022903008 0.090196 0.098039 0.1098
v -0.0089999996 -0.030580968 0.014588092 0.16863 0.17647 0.19216
v -0.0089999996 -0.039000005 0.011999998 0.16863 0.17647 0.19216
v -0.0089999996 -0.039000001 0.021 0.16863 0.17647 0.19216
v -0.0089999996 -0.030580968 0.014588092 0.16863 0.17647 0.19216
v -0.0089999996 -0.039000001 0.021 0.16863 0.17647 0.19216
v -0.0089999996 -0.033068411 0.022903008 0.16863 0.17647 0.19216
v 0.0089999996 -0.030580968 0.014588092 0.13333 0.14118 0.15294
v 0.0089999996 -0.039000001 0.021 0.13333 0.14118 0.15294
v 0.0089999996 -0.039000005 0.011999998 0.13333 0.14118 0.15294
v 0.0089999996 -0.030580968 0.014588092 0.13333 0.14118 0.15294
v 0.0089999996 -0.033068411 0.022903008 0.13333 0.14118 0.15294
v 0.0089999996 -0.039000001 0.021 0.13333 0.14118 0.15294
v -0.0089999996 -0.030580968 0.014588092 0.22745 0.24314 0.25882
v 0.0089999996 -0.030580968 0.014588092 0.22745 0.24314 0.25882
v 0.0089999996 -0.039000005 0.011999998 0.22745 0.24314 0.25882
v -0.0089999996 -0.030580968 0.014588092 0.22745 0.24314 0.25882
v 0.0089999996 -0.039000005 0.011999998 0.22745 0.24314 0.25882
v -0.0089999996 -0.039000005 0.011999998 0.22745 0.24314 0.25882
v -0.0089999996 -0.033068411 0.022903008 0.090196 0.098039 0.1098
v 0.0089999996 -0.039000001 0.021 0.090196 0.098039 0.1098
v 0.0089999996 -0.033068411 0.022903008 0.090196 0.098039 0.1098
v -0.0089999996 -0.033068411 0.022903008 0.090196 0.098039 0.1098
v -0.0089999996 -0.039000001 0.021 0.090196 0.098039 0.1098
v 0.0089999996 -0.039000001 0.021 0.090196 0.098039 0.1098
v -0.0089999996 -0.039000005 0.011999998 0.16863 0.17647 0.19216
v -0.0089999996 -0.047419034 0.014588095 0.16863 0.17647 0.19216
v -0.0089999996 -0.044931594 0.022903012 0.16863 0.17647 0.19216
v -0.0089999996 -0.039000005 0.011999998 0.16863 0.17647 0.19216
v -0.0089999996 -0.044931594 0.022903012 0.16863 0.17647 0.19216
v -0.0089999996 -0.039000001 0.021 0.16863 0.17647 0.19216
v 0.0089999996 -0.039000005 0.011999998 0.13333 0.14118 0.15294
v 0.0089999996 -0.044931594 0.022903012 0.13333 0.14118 0.15294
v 0.0089999996 -0.047419034 0.014588095 0.13333 0.14118 0.15294
v 0.0089999996 -0.039000005 0.011999998 0.13333 0.14118 0.15294
v 0.0089999996 -0.039000001 0.021 0.13333 0.14118 0.15294
v 0.0089999996 -0.044931594 0.022903012 0.13333 0.14118 0.15294
v -0.0089999996 -0.039000005 0.011999998 0.17255 0.18431 0.19608
v 0.0089999996 -0.039000005 0.011999998 0.17255 0.18431 0.19608
v 0.0089999996 -0.047419034 0.014588095 0.17255 0.18431 0.19608
v -0.0089999996 -0.039000005 0.011999998 0.17255 0.18431 0.19608
v 0.0089999996 -0.047419034 0.014588095 0.17255 0.18431 0.19608
v -0.0089999996 -0.047419034 0.014588095 0.17255 0.18431 0.19608
v -0.0089999996 -0.039000001 0.021 0.090196 0.098039 0.1098
v 0.0089999996 -0.044931594 0.022903012 0.090196 0.098039 0.1098
v 0.0089999996 -0.039000001 0.021 0.090196 0.098039 0.1098
v -0.0089999996 -0.039000001 0.021 0.090196 0.098039 0.1098
v -0.0089999996 -0.044931594 0.022903012 0.090196 0.098039 0.1098
v 0.0089999996 -0.044931594 0.022903012 0.090196 0.098039 0.1098
v -0.0089999996 -0.047419034 0.014588095 0.16863 0.17647 0.19216
v -0.0089999996 -0.054556351 0.021958373 0.16863 0.17647 0.19216
v -0.0089999996 -0.049960159 0.028322333 0.16863 0.17647 0.19216
v -0.0089999996 -0.047419034 0.014588095 0.16863 0.17647 0.19216
v -0.0089999996 -0.049960159 0.028322333 0.16863 0.17647 0.19216
v -0.0089999996 -0.044931594 0.022903012 0.16863 0.17647 0.19216
v 0.0089999996 -0.047419034 0.014588095 0.13333 0.14118 0.15294
v 0.0089999996 -0.049960159 0.028322333 0.13333 0.14118 0.15294
v 0.0089999996 -0.054556351 0.021958373 0.13333 0.14118 0.15294
v 0.0089999996 -0.047419034 0.014588095 0.13333 0.14118 0.15294
v 0.0089999996 -0.044931594 0.022903012 0.13333 0.14118 0.15294
v 0.0089999996 -0.049960159 0.028322333 0.13333 0.14118 0.15294
v -0.0089999996 -0.047419034 0.014588095 0.15294 0.16078 0.17255
v 0.0089999996 -0.047419034 0.014588095 0.15294 0.16078 0.17255
v 0.0089999996 -0.054556351 0.021958373 0.15294 0.16078 0.17255
v -0.0089999996 -0.047419034 0.014588095 0.15294 0.16078 0.17255
v 0.0089999996 -0.054556351 0.021958373 0.15294 0.16078 0.17255
v -0.0089999996 -0.054556351 0.021958373 0.15294 0.16078 0.17255
v -0.0089999996 -0.044931594 0.022903012 0.1098 0.12157 0.13333
v 0.0089999996 -0.049960159 0.028322333 0.1098 0.12157 0.13333
v 0.0089999996 -0.044931594 0.022903012 0.1098 0.12157 0.13333
v -0.0089999996 -0.044931594 0.022903012 0.1098 0.12157 0.13333
v -0.0089999996 -0.049960159 0.028322333 0.1098 0.12157 0.13333
v 0.0089999996 -0.049960159 0.028322333 0.1098 0.12157 0.13333
v -0.0089999996 -0.054556351 0.021958373 0.16863 0.17647 0.19216
v -0.0089999996 -0.059325352 0.032988772 0.16863 0.17647 0.19216
v -0.0089999996 -0.053320136 0.036432922 0.16863 0.17647 0.19216
v -0.0089999996 -0.054556351 0.021958373 0.16863 0.17647 0.19216
v -0.0089999996 -0.053320136 0.036432922 0.16863 0.17647 0.19216
v -0.0089999996 -0.049960159 0.028322333 0.16863 0.17647 0.19216
v 0.0089999996 -0.054556351 0.021958373 0.13333 0.14118 0.15294
v 0.0089999996 -0.053320136 0.036432922 0.13333 0.14118 0.15294
v 0.0089999996 -0.059325352 0.032988772 0.13333 0.14118 0.15294
v 0.0089999996 -0.054556351 0.021958373 0.13333 0.14118 0.15294
v 0.0089999996 -0.049960159 0.028322333 0.13333 0.14118 0.15294
v 0.0089999996 -0.053320136 0.036432922 0.13333 0.14118 0.15294
v -0.0089999996 -0.054556351 0.021958373 0.15294 0.16078 0.17255
v 0.0089999996 -0.054556351 0.021958373 0.15294 0.16078 0.17255
v 0.0089999996 -0.059325352 0.032988772 0.15294 0.16078 0.17255
v -0.0089999996 -0.054556351 0.021958373 0.15294 0.16078 0.17255
v 0.0089999996 -0.059325352 0.032988772 0.15294 0.16078 0.17255
v -0.0089999996 -0.059325352 0.032988772 0.15294 0.16078 0.17255
v -0.0089999996 -0.049960159 0.028322333 0.12941 0.14118 0.15686
v 0.0089999996 -0.053320136 0.036432922 0.12941 0.14118 0.15686
v 0.0089999996 -0.049960159 0.028322333 0.12941 0.14118 0.15686
v -0.0089999996 -0.049960159 0.028322333 0.12941 0.14118 0.15686
v -0.0089999996 -0.053320136 0.036432922 0.12941 0.14118 0.15686
v 0.0089999996 -0.053320136 0.036432922 0.12941 0.14118 0.15686
v -0.0089999996 -0.059325352 0.032988772 0.16863 0.17647 0.19216
v -0.0089999996 -0.061000001 0.046 0.16863 0.17647 0.19216
v -0.0089999996 -0.054499999 0.046 0.16863 0.17647 0.19216
v -0.0089999996 -0.059325352 0.032988772 0.16863 0.17647 0.19216
v -0.0089999996 -0.054499999 0.046 0.16863 0.17647 0.19216
v -0.0089999996 -0.053320136 0.036432922 0.16863 0.17647 0.19216
v 0.0089999996 -0.059325352 0.032988772 0.13333 0.14118 0.15294
v 0.0089999996 -0.054499999 0.046 0.13333 0.14118 0.15294
v 0.0089999996 -0.061000001 0.046 0.13333 0.14118 0.15294
v 0.0089999996 -0.059325352 0.032988772 0.13333 0.14118 0.15294
v 0.0089999996 -0.053320136 0.036432922 0.13333 0.14118 0.15294
v 0.0089999996 -0.054499999 0.046 0.13333 0.14118 0.15294
v -0.0089999996 -0.059325352 0.032988772 0.15294 0.16078 0.17255
v 0.0089999996 -0.059325352 0.032988772 0.15294 0.16078 0.17255
v 0.0089999996 -0.061000001 0.046 0.15294 0.16078 0.17255
v -0.0089999996 -0.059325352 0.032988772 0.15294 0.16078 0.17255
v 0.0089999996 -0.061000001 0.046 0.15294 0.16078 0.17255
v -0.0089999996 -0.061000001 0.046 0.15294 0.16078 0.17255
v -0.0089999996 -0.053320136 0.036432922 0.14118 0.15686 0.17255
v 0.0089999996 -0.054499999 0.046 0.14118 0.15686 0.17255
v 0.0089999996 -0.053320136 0.036432922 0.14118 0.15686 0.17255
v -0.0089999996 -0.053320136 0.036432922 0.14118 0.15686 0.17255
v -0.0089999996 -0.054499999 0.046 0.14118 0.15686 0.17255
v 0.0089999996 -0.054499999 0.046 0.14118 0.15686 0.17255
v -0.0089999996 -0.061000001 0.046 0.16863 0.17647 0.19216
v -0.0089999996 -0.059325349 0.059011243 0.16863 0.17647 0.19216
v -0.0089999996 -0.053320132 0.055567089 0.16863 0.17647 0.19216
v -0.0089999996 -0.061000001 0.046 0.16863 0.17647 0.19216
v -0.0089999996 -0.053320132 0.055567089 0.16863 0.17647 0.19216
v -0.0089999996 -0.054499999 0.046 0.16863 0.17647 0.19216
v 0.0089999996 -0.061000001 0.046 0.13333 0.14118 0.15294
v 0.0089999996 -0.053320132 0.055567089 0.13333 0.14118 0.15294
v 0.0089999996 -0.059325349 0.059011243 0.13333 0.14118 0.15294
v 0.0089999996 -0.061000001 0.046 0.13333 0.14118 0.15294
v 0.0089999996 -0.054499999 0.046 0.13333 0.14118 0.15294
v 0.0089999996 -0.053320132 0.055567089 0.13333 0.14118 0.15294
v -0.0089999996 -0.061000001 0.046 0.15294 0.16078 0.17255
v 0.0089999996 -0.061000001 0.046 0.15294 0.16078 0.17255
v 0.0089999996 -0.059325349 0.059011243 0.15294 0.16078 0.17255
v -0.0089999996 -0.061000001 0.046 0.15294 0.16078 0.17255
v 0.0089999996 -0.059325349 0.059011243 0.15294 0.16078 0.17255
v -0.0089999996 -0.059325349 0.059011243 0.15294 0.16078 0.17255
v -0.0089999996 -0.054499999 0.046 0.14902 0.16471 0.18431
v 0.0089999996 -0.053320132 0.055567089 0.14902 0.16471 0.18431
v 0.0089999996 -0.054499999 0.046 0.14902 0.16471 0.18431
v -0.0089999996 -0.054499999 0.046 0.14902 0.16471 0.18431
v -0.0089999996 -0.053320132 0.055567089 0.14902 0.16471 0.18431
v 0.0089999996 -0.053320132 0.055567089 0.14902 0.16471 0.18431
v -0.0089999996 -0.059325349 0.059011243 0.16863 0.17647 0.19216
v -0.0089999996 -0.054556344 0.070041642 0.16863 0.17647 0.19216
v -0.0089999996 -0.049960151 0.063677676 0.16863 0.17647 0.19216
v -0.0089999996 -0.059325349 0.059011243 0.16863 0.17647 0.19216
v -0.0089999996 -0.049960151 0.063677676 0.16863 0.17647 0.19216
v -0.0089999996 -0.053320132 0.055567089 0.16863 0.17647 0.19216
v 0.0089999996 -0.059325349 0.059011243 0.13333 0.14118 0.15294
v 0.0089999996 -0.049960151 0.063677676 0.13333 0.14118 0.15294
v 0.0089999996 -0.054556344 0.070041642 0.13333 0.14118 0.15294
v 0.0089999996 -0.059325349 0.059011243 0.13333 0.14118 0.15294
v 0.0089999996 -0.053320132 0.055567089 0.13333 0.14118 0.15294
v 0.0089999996 -0.049960151 0.063677676 0.13333 0.14118 0.15294
v -0.0089999996 -0.059325349 0.059011243 0.15294 0.16078 0.17255
v 0.0089999996 -0.059325349 0.059011243 0.15294 0.16078 0.17255
v 0.0089999996 -0.054556344 0.070041642 0.15294 0.16078 0.17255
v -0.0089999996 -0.059325349 0.059011243 0.15294 0.16078 0.17255
v 0.0089999996 -0.054556344 0.070041642 0.15294 0.16078 0.17255
v -0.0089999996 -0.054556344 0.070041642 0.15294 0.16078 0.17255
v -0.0089999996 -0.053320132 0.055567089 0.15294 0.16863 0.18824
v 0.0089999996 -0.049960151 0.063677676 0.15294 0.16863 0.18824
v 0.0089999996 -0.053320132 0.055567089 0.15294 0.16863 0.18824
v -0.0089999996 -0.053320132 0.055567089 0.15294 0.16863 0.18824
v -0.0089999996 -0.049960151 0.063677676 0.15294 0.16863 0.18824
v 0.0089999996 -0.049960151 0.063677676 0.15294 0.16863 0.18824
v -0.0089999996 -0.054556344 0.070041642 0.16863 0.17647 0.19216
v -0.0089999996 -0.047419034 0.077411905 0.16863 0.17647 0.19216
v -0.0089999996 -0.044931594 0.06909699 0.16863 0.17647 0.19216
v -0.0089999996 -0.054556344 0.070041642 0.16863 0.17647 0.19216
v -0.0089999996 -0.044931594 0.06909699 0.16863 0.17647 0.19216
v -0.0089999996 -0.049960151 0.063677676 0.16863 0.17647 0.19216
v 0.0089999996 -0.054556344 0.070041642 0.13333 0.14118 0.15294
v 0.0089999996 -0.044931594 0.06909699 0.13333 0.14118 0.15294
v 0.0089999996 -0.047419034 0.077411905 0.13333 0.14118 0.15294
v 0.0089999996 -0.054556344 0.070041642 0.13333 0.14118 0.15294
v 0.0089999996 -0.049960151 0.063677676 0.13333 0.14118 0.15294
v 0.0089999996 -0.044931594 0.06909699 0.13333 0.14118 0.15294
v -0.0089999996 -0.054556344 0.070041642 0.15294 0.16078 0.17255
v 0.0089999996 -0.054556344 0.070041642 0.15294 0.16078 0.17255
v 0.0089999996 -0.047419034 0.077411905 0.15294 0.16078 0.17255
v -0.0089999996 -0.054556344 0.070041642 0.15294 0.16078 0.17255
v 0.0089999996 -0.047419034 0.077411905 0.15294 0.16078 0.17255
v -0.0089999996 -0.047419034 0.077411905 0.15294 0.16078 0.17255
v -0.0089999996 -0.049960151 0.063677676 0.15294 0.16863 0.18431
v 0.0089999996 -0.044931594 0.06909699 0.15294 0.16863 0.18431
v 0.0089999996 -0.049960151 0.063677676 0.15294 0.16863 0.18431
v -0.0089999996 -0.049960151 0.063677676 0.15294 0.16863 0.18431
v -0.0089999996 -0.044931594 0.06909699 0.15294 0.16863 0.18431
v 0.0089999996 -0.044931594 0.06909699 0.15294 0.16863 0.18431
v -0.0089999996 -0.047419034 0.077411905 0.16863 0.17647 0.19216
v -0.0089999996 -0.038999997 0.079999998 0.16863 0.17647 0.19216
v -0.0089999996 -0.038999997 0.071000002 0.16863 0.17647 0.19216
v -0.0089999996 -0.047419034 0.077411905 0.16863 0.17647 0.19216
v -0.0089999996 -0.038999997 0.071000002 0.16863 0.17647 0.19216
v -0.0089999996 -0.044931594 0.06909699 0.16863 0.17647 0.19216
v 0.0089999996 -0.047419034 0.077411905 0.13333 0.14118 0.15294
v 0.0089999996 -0.038999997 0.071000002 0.13333 0.14118 0.15294
v 0.0089999996 -0.038999997 0.079999998 0.13333 0.14118 0.15294
v 0.0089999996 -0.047419034 0.077411905 0.13333 0.14118 0.15294
v 0.0089999996 -0.044931594 0.06909699 0.13333 0.14118 0.15294
v 0.0089999996 -0.038999997 0.071000002 0.13333 0.14118 0.15294
v -0.0089999996 -0.047419034 0.077411905 0.15294 0.16078 0.17255
v 0.0089999996 -0.047419034 0.077411905 0.15294 0.16078 0.17255
v 0.0089999996 -0.038999997 0.079999998 0.15294 0.16078 0.17255
v -0.0089999996 -0.047419034 0.077411905 0.15294 0.16078 0.17255
v 0.0089999996 -0.038999997 0.079999998 0.15294 0.16078 0.17255
v -0.0089999996 -0.038999997 0.079999998 0.15294 0.16078 0.17255
v -0.0089999996 -0.044931594 0.06909699 0.13725 0.14902 0.16471
v 0.0089999996 -0.038999997 0.071000002 0.13725 0.14902 0.16471
v 0.0089999996 -0.044931594 0.06909699 0.13725 0.14902 0.16471
v -0.0089999996 -0.044931594 0.06909699 0.13725 0.14902 0.16471
v -0.0089999996 -0.038999997 0.071000002 0.13725 0.14902 0.16471
v 0.0089999996 -0.038999997 0.071000002 0.13725 0.14902 0.16471
v -0.003 -0.027000001 0.035 0.39216 0.40784 0.41961
v -0.003 -0.039000001 0.041999999 0.39216 0.40784 0.41961
v -0.003 -0.050000001 0.048999999 0.39216 0.40784 0.41961
v 0.003 -0.027000001 0.035 0.3098 0.32549 0.33333
v 0.003 -0.050000001 0.048999999 0.3098 0.32549 0.33333
v 0.003 -0.039000001 0.041999999 0.3098 0.32549 0.33333
v -0.003 -0.027000001 0.035 0.39216 0.40784 0.41961
v -0.003 -0.048999999 0.044 0.39216 0.40784 0.41961
v -0.003 -0.050000001 0.048999999 0.39216 0.40784 0.41961
v 0.003 -0.027000001 0.035 0.3098 0.32549 0.33333
v 0.003 -0.050000001 0.048999999 0.3098 0.32549 0.33333
v 0.003 -0.048999999 0.044 0.3098 0.32549 0.33333
v -0.003 -0.027000001 0.035 0.39216 0.40784 0.41961
v -0.003 -0.039000001 0.035999998 0.39216 0.40784 0.41961
v -0.003 -0.048999999 0.044 0.39216 0.40784 0.41961
v 0.003 -0.027000001 0.035 0.3098 0.32549 0.33333
v 0.003 -0.048999999 0.044 0.3098 0.32549 0.33333
v 0.003 -0.039000001 0.035999998 0.3098 0.32549 0.33333
v -0.003 -0.027000001 0.035 0.39216 0.40784 0.41961
v -0.003 -0.028000001 0.028999999 0.39216 0.40784 0.41961
v -0.003 -0.039000001 0.035999998 0.39216 0.40784 0.41961
v 0.003 -0.027000001 0.035 0.3098 0.32549 0.33333
v 0.003 -0.039000001 0.035999998 0.3098 0.32549 0.33333
v 0.003 -0.028000001 0.028999999 0.3098 0.32549 0.33333
v -0.003 -0.027000001 0.035 0.39216 0.40784 0.41961
v -0.003 -0.021 0.028000001 0.39216 0.40784 0.41961
v -0.003 -0.028000001 0.028999999 0.39216 0.40784 0.41961
v 0.003 -0.027000001 0.035 0.3098 0.32549 0.33333
v 0.003 -0.028000001 0.028999999 0.3098 0.32549 0.33333
v 0.003 -0.021 0.028000001 0.3098 0.32549 0.33333
v -0.003 -0.027000001 0.035 0.31373 0.32941 0.33725
v -0.003 -0.039000001 0.041999999 0.31373 0.32941 0.33725
v 0.003 -0.039000001 0.041999999 0.31373 0.32941 0.33725
v -0.003 -0.027000001 0.035 0.31373 0.32941 0.33725
v 0.003 -0.039000001 0.041999999 0.31373 0.32941 0.33725
v 0.003 -0.027000001 0.035 0.31373 0.32941 0.33725
v -0.003 -0.039000001 0.041999999 0.32157 0.33725 0.3451
v -0.003 -0.050000001 0.048999999 0.32157 0.33725 0.3451
v 0.003 -0.050000001 0.048999999 0.32157 0.33725 0.3451
v -0.003 -0.039000001 0.041999999 0.32157 0.33725 0.3451
v 0.003 -0.050000001 0.048999999 0.32157 0.33725 0.3451
v 0.003 -0.039000001 0.041999999 0.32157 0.33725 0.3451
v -0.003 -0.050000001 0.048999999 0.3098 0.32549 0.33333
v -0.003 -0.048999999 0.044 0.3098 0.32549 0.33333
v 0.003 -0.048999999 0.044 0.3098 0.32549 0.33333
v -0.003 -0.050000001 0.048999999 0.3098 0.32549 0.33333
v 0.003 -0.048999999 0.044 0.3098 0.32549 0.33333
v 0.003 -0.050000001 0.048999999 0.3098 0.32549 0.33333
v -0.003 -0.048999999 0.044 0.3098 0.32549 0.33333
v -0.003 -0.039000001 0.035999998 0.3098 0.32549 0.33333
v 0.003 -0.039000001 0.035999998 0.3098 0.32549 0.33333
v -0.003 -0.048999999 0.044 0.3098 0.32549 0.33333
v 0.003 -0.039000001 0.035999998 0.3098 0.32549 0.33333
v 0.003 -0.048999999 0.044 0.3098 0.32549 0.33333
v -0.003 -0.039000001 0.035999998 0.3098 0.32549 0.33333
v -0.003 -0.028000001 0.028999999 0.3098 0.32549 0.33333
v 0.003 -0.028000001 0.028999999 0.3098 0.32549 0.33333
v -0.003 -0.039000001 0.035999998 0.3098 0.32549 0.33333
v 0.003 -0.028000001 0.028999999 0.3098 0.32549 0.33333
v 0.003 -0.039000001 0.035999998 0.3098 0.32549 0.33333
v -0.003 -0.028000001 0.028999999 0.38824 0.40392 0.41569
v -0.003 -0.021 0.028000001 0.38824 0.40392 0.41569
v 0.003 -0.021 0.028000001 0.38824 0.40392 0.41569
v -0.003 -0.028000001 0.028999999 0.38824 0.40392 0.41569
v 0.003 -0.021 0.028000001 0.38824 0.40392 0.41569
v 0.003 -0.028000001 0.028999999 0.38824 0.40392 0.41569
v -0.003 -0.021 0.028000001 0.38824 0.40392 0.41569
v -0.003 -0.027000001 0.035 0.38824 0.40392 0.41569
v 0.003 -0.027000001 0.035 0.38824 0.40392 0.41569
v -0.003 -0.021 0.028000001 0.38824 0.40392 0.41569
v 0.003 -0.027000001 0.035 0.38824 0.40392 0.41569
v 0.003 -0.021 0.028000001 0.38824 0.40392 0.41569
v -0.0165 -0.1 -0.013 0.25098 0.26667 0.28235
v -0.0165 -0.105 -0.059999999 0.25098 0.26667 0.28235
v -0.0165 -0.106 -0.014 0.25098 0.26667 0.28235
v 0.0165 -0.1 -0.013 0.2 0.21176 0.22353
v 0.0165 -0.106 -0.014 0.2 0.21176 0.22353
v 0.0165 -0.105 -0.059999999 0.2 0.21176 0.22353
v -0.0165 -0.1 -0.013 0.25098 0.26667 0.28235
v -0.0165 -0.1 -0.059 0.25098 0.26667 0.28235
v -0.0165 -0.105 -0.059999999 0.25098 0.26667 0.28235
v 0.0165 -0.1 -0.013 0.2 0.21176 0.22353
v 0.0165 -0.105 -0.059999999 0.2 0.21176 0.22353
v 0.0165 -0.1 -0.059 0.2 0.21176 0.22353
v -0.0165 -0.1 -0.013 0.2 0.21176 0.22353
v -0.0165 -0.106 -0.014 0.2 0.21176 0.22353
v 0.0165 -0.106 -0.014 0.2 0.21176 0.22353
v -0.0165 -0.1 -0.013 0.2 0.21176 0.22353
v 0.0165 -0.106 -0.014 0.2 0.21176 0.22353
v 0.0165 -0.1 -0.013 0.2 0.21176 0.22353
v -0.0165 -0.106 -0.014 0.2 0.21176 0.22353
v -0.0165 -0.105 -0.059999999 0.2 0.21176 0.22353
v 0.0165 -0.105 -0.059999999 0.2 0.21176 0.22353
v -0.0165 -0.106 -0.014 0.2 0.21176 0.22353
v 0.0165 -0.105 -0.059999999 0.2 0.21176 0.22353
v 0.0165 -0.106 -0.014 0.2 0.21176 0.22353
v -0.0165 -0.105 -0.059999999 0.2902 0.3098 0.32549
v -0.0165 -0.1 -0.059 0.2902 0.3098 0.32549
v 0.0165 -0.1 -0.059 0.2902 0.3098 0.32549
v -0.0165 -0.105 -0.059999999 0.2902 0.3098 0.32549
v 0.0165 -0.1 -0.059 0.2902 0.3098 0.32549
v 0.0165 -0.105 -0.059999999 0.2902 0.3098 0.32549
v -0.0165 -0.1 -0.059 0.32157 0.3451 0.36471
v -0.0165 -0.1 -0.013 0.32157 0.3451 0.36471
v 0.0165 -0.1 -0.013 0.32157 0.3451 0.36471
v -0.0165 -0.1 -0.059 0.32157 0.3451 0.36471
v 0.0165 -0.1 -0.013 0.32157 0.3451 0.36471
v 0.0165 -0.1 -0.059 0.32157 0.3451 0.36471
v -0.020300001 -0.0089999996 -0.027000001 0.24706 0.27843 0.30588
v -0.020300001 0.014 -0.025600001 0.24706 0.27843 0.30588
v -0.020300001 0.014 -0.027000001 0.24706 0.27843 0.30588
v -0.02 -0.0089999996 -0.027000001 0.19608 0.21961 0.23922
v -0.02 0.014 -0.027000001 0.19608 0.21961 0.23922
v -0.02 0.014 -0.025600001 0.19608 0.21961 0.23922
v -0.020300001 -0.0089999996 -0.027000001 0.24706 0.27843 0.30588
v -0.020300001 -0.0089999996 -0.025600001 0.24706 0.27843 0.30588
v -0.020300001 0.014 -0.025600001 0.24706 0.27843 0.30588
v -0.02 -0.0089999996 -0.027000001 0.19608 0.21961 0.23922
v -0.02 0.014 -0.025600001 0.19608 0.21961 0.23922
v -0.02 -0.0089999996 -0.025600001 0.19608 0.21961 0.23922
v -0.020300001 -0.0089999996 -0.027000001 0.26275 0.29412 0.32157
v -0.020300001 0.014 -0.027000001 0.26275 0.29412 0.32157
v -0.02 0.014 -0.027000001 0.26275 0.29412 0.32157
v -0.020300001 -0.0089999996 -0.027000001 0.26275 0.29412 0.32157
v -0.02 0.014 -0.027000001 0.26275 0.29412 0.32157
v -0.02 -0.0089999996 -0.027000001 0.26275 0.29412 0.32157
v -0.020300001 0.014 -0.027000001 0.32157 0.35686 0.39216
v -0.020300001 0.014 -0.025600001 0.32157 0.35686 0.39216
v -0.02 0.014 -0.025600001 0.32157 0.35686 0.39216
v -0.020300001 0.014 -0.027000001 0.32157 0.35686 0.39216
v -0.02 0.014 -0.025600001 0.32157 0.35686 0.39216
v -0.02 0.014 -0.027000001 0.32157 0.35686 0.39216
v -0.020300001 0.014 -0.025600001 0.19608 0.21961 0.23922
v -0.020300001 -0.0089999996 -0.025600001 0.19608 0.21961 0.23922
v -0.02 -0.0089999996 -0.025600001 0.19608 0.21961 0.23922
v -0.020300001 0.014 -0.025600001 0.19608 0.21961 0.23922
v -0.02 -0.0089999996 -0.025600001 0.19608 0.21961 0.23922
v -0.02 0.014 -0.025600001 0.19608 0.21961 0.23922
v -0.020300001 -0.0089999996 -0.025600001 0.19608 0.21961 0.23922
v -0.020300001 -0.0089999996 -0.027000001 0.19608 0.21961 0.23922
v -0.02 -0.0089999996 -0.027000001 0.19608 0.21961 0.23922
v -0.020300001 -0.0089999996 -0.025600001 0.19608 0.21961 0.23922
v -0.02 -0.0089999996 -0.027000001 0.19608 0.21961 0.23922
v -0.02 -0.0089999996 -0.025600001 0.19608 0.21961 0.23922
v 0.02 -0.0089999996 -0.027000001 0.24706 0.27843 0.30588
v 0.02 0.014 -0.025600001 0.24706 0.27843 0.30588
v 0.02 0.014 -0.027000001 0.24706 0.27843 0.30588
v 0.020300001 -0.0089999996 -0.027000001 0.19608 0.21961 0.23922
v 0.020300001 0.014 -0.027000001 0.19608 0.21961 0.23922
v 0.020300001 0.014 -0.025600001 0.19608 0.21961 0.23922
v 0.02 -0.0089999996 -0.027000001 0.24706 0.27843 0.30588
v 0.02 -0.0089999996 -0.025600001 0.24706 0.27843 0.30588
v 0.02 0.014 -0.025600001 0.24706 0.27843 0.30588
v 0.020300001 -0.0089999996 -0.027000001 0.19608 0.21961 0.23922
v 0.020300001 0.014 -0.025600001 0.19608 0.21961 0.23922
v 0.020300001 -0.0089999996 -0.025600001 0.19608 0.21961 0.23922
v 0.02 -0.0089999996 -0.027000001 0.26275 0.29412 0.32157
v 0.02 0.014 -0.027000001 0.26275 0.29412 0.32157
v 0.020300001 0.014 -0.027000001 0.26275 0.29412 0.32157
v 0.02 -0.0089999996 -0.027000001 0.26275 0.29412 0.32157
v 0.020300001 0.014 -0.027000001 0.26275 0.29412 0.32157
v 0.020300001 -0.0089999996 -0.027000001 0.26275 0.29412 0.32157
v 0.02 0.014 -0.027000001 0.32157 0.35686 0.39216
v 0.02 0.014 -0.025600001 0.32157 0.35686 0.39216
v 0.020300001 0.014 -0.025600001 0.32157 0.35686 0.39216
v 0.02 0.014 -0.027000001 0.32157 0.35686 0.39216
v 0.020300001 0.014 -0.025600001 0.32157 0.35686 0.39216
v 0.020300001 0.014 -0.027000001 0.32157 0.35686 0.39216
v 0.02 0.014 -0.025600001 0.19608 0.21961 0.23922
v 0.02 -0.0089999996 -0.025600001 0.19608 0.21961 0.23922
v 0.020300001 -0.0089999996 -0.025600001 0.19608 0.21961 0.23922
v 0.02 0.014 -0.025600001 0.19608 0.21961 0.23922
v 0.020300001 -0.0089999996 -0.025600001 0.19608 0.21961 0.23922
v 0.020300001 0.014 -0.025600001 0.19608 0.21961 0.23922
v 0.02 -0.0089999996 -0.025600001 0.19608 0.21961 0.23922
v 0.02 -0.0089999996 -0.027000001 0.19608 0.21961 0.23922
v 0.020300001 -0.0089999996 -0.027000001 0.19608 0.21961 0.23922
v 0.02 -0.0089999996 -0.025600001 0.19608 0.21961 0.23922
v 0.020300001 -0.0089999996 -0.027000001 0.19608 0.21961 0.23922
v 0.020300001 -0.0089999996 -0.025600001 0.19608 0.21961 0.23922
v -0.020300001 -0.0089999996 -0.023 0.24706 0.27843 0.30588
v -0.020300001 0.014 -0.021600001 0.24706 0.27843 0.30588
v -0.020300001 0.014 -0.023 0.24706 0.27843 0.30588
v -0.02 -0.0089999996 -0.023 0.19608 0.21961 0.23922
v -0.02 0.014 -0.023 0.19608 0.21961 0.23922
v -0.02 0.014 -0.021600001 0.19608 0.21961 0.23922
v -0.020300001 -0.0089999996 -0.023 0.24706 0.27843 0.30588
v -0.020300001 -0.0089999996 -0.021600001 0.24706 0.27843 0.30588
v -0.020300001 0.014 -0.021600001 0.24706 0.27843 0.30588
v -0.02 -0.0089999996 -0.023 0.19608 0.21961 0.23922
v -0.02 0.014 -0.021600001 0.19608 0.21961 0.23922
v -0.02 -0.0089999996 -0.021600001 0.19608 0.21961 0.23922
v -0.020300001 -0.0089999996 -0.023 0.26275 0.29412 0.32157
v -0.020300001 0.014 -0.023 0.26275 0.29412 0.32157
v -0.02 0.014 -0.023 0.26275 0.29412 0.32157
v -0.020300001 -0.0089999996 -0.023 0.26275 0.29412 0.32157
v -0.02 0.014 -0.023 0.26275 0.29412 0.32157
v -0.02 -0.0089999996 -0.023 0.26275 0.29412 0.32157
v -0.020300001 0.014 -0.023 0.32157 0.35686 0.39216
v -0.020300001 0.014 -0.021600001 0.32157 0.35686 0.39216
v -0.02 0.014 -0.021600001 0.32157 0.35686 0.39216
v -0.020300001 0.014 -0.023 0.32157 0.35686 0.39216
v -0.02 0.014 -0.021600001 0.32157 0.35686 0.39216
v -0.02 0.014 -0.023 0.32157 0.35686 0.39216
v -0.020300001 0.014 -0.021600001 0.19608 0.21961 0.23922
v -0.020300001 -0.0089999996 -0.021600001 0.19608 0.21961 0.23922
v -0.02 -0.0089999996 -0.021600001 0.19608 0.21961 0.23922
v -0.020300001 0.014 -0.021600001 0.19608 0.21961 0.23922
v -0.02 -0.0089999996 -0.021600001 0.19608 0.21961 0.23922
v -0.02 0.014 -0.021600001 0.19608 0.21961 0.23922
v -0.020300001 -0.0089999996 -0.021600001 0.19608 0.21961 0.23922
v -0.020300001 -0.0089999996 -0.023 0.19608 0.21961 0.23922
v -0.02 -0.0089999996 -0.023 0.19608 0.21961 0.23922
v -0.020300001 -0.0089999996 -0.021600001 0.19608 0.21961 0.23922
v -0.02 -0.0089999996 -0.023 0.19608 0.21961 0.23922
v -0.02 -0.0089999996 -0.021600001 0.19608 0.21961 0.23922
v 0.02 -0.0089999996 -0.023 0.24706 0.27843 0.30588
v 0.02 0.014 -0.021600001 0.24706 0.27843 0.30588
v 0.02 0.014 -0.023 0.24706 0.27843 0.30588
v 0.020300001 -0.0089999996 -0.023 0.19608 0.21961 0.23922
v 0.020300001 0.014 -0.023 0.19608 0.21961 0.23922
v 0.020300001 0.014 -0.021600001 0.19608 0.21961 0.23922
v 0.02 -0.0089999996 -0.023 0.24706 0.27843 0.30588
v 0.02 -0.0089999996 -0.021600001 0.24706 0.27843 0.30588
v 0.02 0.014 -0.021600001 0.24706 0.27843 0.30588
v 0.020300001 -0.0089999996 -0.023 0.19608 0.21961 0.23922
v 0.020300001 0.014 -0.021600001 0.19608 0.21961 0.23922
v 0.020300001 -0.0089999996 -0.021600001 0.19608 0.21961 0.23922
v 0.02 -0.0089999996 -0.023 0.26275 0.29412 0.32157
v 0.02 0.014 -0.023 0.26275 0.29412 0.32157
v 0.020300001 0.014 -0.023 0.26275 0.29412 0.32157
v 0.02 -0.0089999996 -0.023 0.26275 0.29412 0.32157
v 0.020300001 0.014 -0.023 0.26275 0.29412 0.32157
v 0.020300001 -0.0089999996 -0.023 0.26275 0.29412 0.32157
v 0.02 0.014 -0.023 0.32157 0.35686 0.39216
v 0.02 0.014 -0.021600001 0.32157 0.35686 0.39216
v 0.020300001 0.014 -0.021600001 0.32157 0.35686 0.39216
v 0.02 0.014 -0.023 0.32157 0.35686 0.39216
v 0.020300001 0.014 -0.021600001 0.32157 0.35686 0.39216
v 0.020300001 0.014 -0.023 0.32157 0.35686 0.39216
v 0.02 0.014 -0.021600001 0.19608 0.21961 0.23922
v 0.02 -0.0089999996 -0.021600001 0.19608 0.21961 0.23922
v 0.020300001 -0.0089999996 -0.021600001 0.19608 0.21961 0.23922
v 0.02 0.014 -0.021600001 0.19608 0.21961 0.23922
v 0.020300001 -0.0089999996 -0.021600001 0.19608 0.21961 0.23922
v 0.020300001 0.014 -0.021600001 0.19608 0.21961 0.23922
v 0.02 -0.0089999996 -0.021600001 0.19608 0.21961 0.23922
v 0.02 -0.0089999996 -0.023 0.19608 0.21961 0.23922
v 0.020300001 -0.0089999996 -0.023 0.19608 0.21961 0.23922
v 0.02 -0.0089999996 -0.021600001 0.19608 0.21961 0.23922
v 0.020300001 -0.0089999996 -0.023 0.19608 0.21961 0.23922
v 0.020300001 -0.0089999996 -0.021600001 0.19608 0.21961 0.23922
v -0.020300001 -0.0089999996 -0.019000001 0.24706 0.27843 0.30588
v -0.020300001 0.014 -0.017600002 0.24706 0.27843 0.30588
v -0.020300001 0.014 -0.019000001 0.24706 0.27843 0.30588
v -0.02 -0.0089999996 -0.019000001 0.19608 0.21961 0.23922
v -0.02 0.014 -0.019000001 0.19608 0.21961 0.23922
v -0.02 0.014 -0.017600002 0.19608 0.21961 0.23922
v -0.020300001 -0.0089999996 -0.019000001 0.24706 0.27843 0.30588
v -0.020300001 -0.0089999996 -0.017600002 0.24706 0.27843 0.30588
v -0.020300001 0.014 -0.017600002 0.24706 0.27843 0.30588
v -0.02 -0.0089999996 -0.019000001 0.19608 0.21961 0.23922
v -0.02 0.014 -0.017600002 0.19608 0.21961 0.23922
v -0.02 -0.0089999996 -0.017600002 0.19608 0.21961 0.23922
v -0.020300001 -0.0089999996 -0.019000001 0.26275 0.29412 0.32157
v -0.020300001 0.014 -0.019000001 0.26275 0.29412 0.32157
v -0.02 0.014 -0.019000001 0.26275 0.29412 0.32157
v -0.020300001 -0.0089999996 -0.019000001 0.26275 0.29412 0.32157
v -0.02 0.014 -0.019000001 0.26275 0.29412 0.32157
v -0.02 -0.0089999996 -0.019000001 0.26275 0.29412 0.32157
v -0.020300001 0.014 -0.019000001 0.32157 0.35686 0.39216
v -0.020300001 0.014 -0.017600002 0.32157 0.35686 0.39216
v -0.02 0.014 -0.017600002 0.32157 0.35686 0.39216
v -0.020300001 0.014 -0.019000001 0.32157 0.35686 0.39216
v -0.02 0.014 -0.017600002 0.32157 0.35686 0.39216
v -0.02 0.014 -0.019000001 0.32157 0.35686 0.39216
v -0.020300001 0.014 -0.017600002 0.19608 0.21961 0.23922
v -0.020300001 -0.0089999996 -0.017600002 0.19608 0.21961 0.23922
v -0.02 -0.0089999996 -0.017600002 0.19608 0.21961 0.23922
v -0.020300001 0.014 -0.017600002 0.19608 0.21961 0.23922
v -0.02 -0.0089999996 -0.017600002 0.19608 0.21961 0.23922
v -0.02 0.014 -0.017600002 0.19608 0.21961 0.23922
v -0.020300001 -0.0089999996 -0.017600002 0.19608 0.21961 0.23922
v -0.020300001 -0.0089999996 -0.019000001 0.19608 0.21961 0.23922
v -0.02 -0.0089999996 -0.019000001 0.19608 0.21961 0.23922
v -0.020300001 -0.0089999996 -0.017600002 0.19608 0.21961 0.23922
v -0.02 -0.0089999996 -0.019000001 0.19608 0.21961 0.23922
v -0.02 -0.0089999996 -0.017600002 0.19608 0.21961 0.23922
v 0.02 -0.0089999996 -0.019000001 0.24706 0.27843 0.30588
v 0.02 0.014 -0.017600002 0.24706 0.27843 0.30588
v 0.02 0.014 -0.019000001 0.24706 0.27843 0.30588
v 0.020300001 -0.0089999996 -0.019000001 0.19608 0.21961 0.23922
v 0.020300001 0.014 -0.019000001 0.19608 0.21961 0.23922
v 0.020300001 0.014 -0.017600002 0.19608 0.21961 0.23922
v 0.02 -0.0089999996 -0.019000001 0.24706 0.27843 0.30588
v 0.02 -0.0089999996 -0.017600002 0.24706 0.27843 0.30588
v 0.02 0.014 -0.017600002 0.24706 0.27843 0.30588
v 0.020300001 -0.0089999996 -0.019000001 0.19608 0.21961 0.23922
v 0.020300001 0.014 -0.017600002 0.19608 0.21961 0.23922
v 0.020300001 -0.0089999996 -0.017600002 0.19608 0.21961 0.23922
v 0.02 -0.0089999996 -0.019000001 0.26275 0.29412 0.32157
v 0.02 0.014 -0.019000001 0.26275 0.29412 0.32157
v 0.020300001 0.014 -0.019000001 0.26275 0.29412 0.32157
v 0.02 -0.0089999996 -0.019000001 0.26275 0.29412 0.32157
v 0.020300001 0.014 -0.019000001 0.26275 0.29412 0.32157
v 0.020300001 -0.0089999996 -0.019000001 0.26275 0.29412 0.32157
v 0.02 0.014 -0.019000001 0.32157 0.35686 0.39216
v 0.02 0.014 -0.017600002 0.32157 0.35686 0.39216
v 0.020300001 0.014 -0.017600002 0.32157 0.35686 0.39216
v 0.02 0.014 -0.019000001 0.32157 0.35686 0.39216
v 0.020300001 0.014 -0.017600002 0.32157 0.35686 0.39216
v 0.020300001 0.014 -0.019000001 0.32157 0.35686 0.39216
v 0.02 0.014 -0.017600002 0.19608 0.21961 0.23922
v 0.02 -0.0089999996 -0.017600002 0.19608 0.21961 0.23922
v 0.020300001 -0.0089999996 -0.017600002 0.19608 0.21961 0.23922
v 0.02 0.014 -0.017600002 0.19608 0.21961 0.23922
v 0.020300001 -0.0089999996 -0.017600002 0.19608 0.21961 0.23922
v 0.020300001 0.014 -0.017600002 0.19608 0.21961 0.23922
v 0.02 -0.0089999996 -0.017600002 0.19608 0.21961 0.23922
v 0.02 -0.0089999996 -0.019000001 0.19608 0.21961 0.23922
v 0.020300001 -0.0089999996 -0.019000001 0.19608 0.21961 0.23922
v 0.02 -0.0089999996 -0.017600002 0.19608 0.21961 0.23922
v 0.020300001 -0.0089999996 -0.019000001 0.19608 0.21961 0.23922
v 0.020300001 -0.0089999996 -0.017600002 0.19608 0.21961 0.23922
v -0.020300001 -0.0089999996 -0.015000001 0.24706 0.27843 0.30588
v -0.020300001 0.014 -0.013600001 0.24706 0.27843 0.30588
v -0.020300001 0.014 -0.015000001 0.24706 0.27843 0.30588
v -0.02 -0.0089999996 -0.015000001 0.19608 0.21961 0.23922
v -0.02 0.014 -0.015000001 0.19608 0.21961 0.23922
v -0.02 0.014 -0.013600001 0.19608 0.21961 0.23922
v -0.020300001 -0.0089999996 -0.015000001 0.24706 0.27843 0.30588
v -0.020300001 -0.0089999996 -0.013600001 0.24706 0.27843 0.30588
v -0.020300001 0.014 -0.013600001 0.24706 0.27843 0.30588
v -0.02 -0.0089999996 -0.015000001 0.19608 0.21961 0.23922
v -0.02 0.014 -0.013600001 0.19608 0.21961 0.23922
v -0.02 -0.0089999996 -0.013600001 0.19608 0.21961 0.23922
v -0.020300001 -0.0089999996 -0.015000001 0.26275 0.29412 0.32157
v -0.020300001 0.014 -0.015000001 0.26275 0.29412 0.32157
v -0.02 0.014 -0.015000001 0.26275 0.29412 0.32157
v -0.020300001 -0.0089999996 -0.015000001 0.26275 0.29412 0.32157
v -0.02 0.014 -0.015000001 0.26275 0.29412 0.32157
v -0.02 -0.0089999996 -0.015000001 0.26275 0.29412 0.32157
v -0.020300001 0.014 -0.015000001 0.32157 0.35686 0.39216
v -0.020300001 0.014 -0.013600001 0.32157 0.35686 0.39216
v -0.02 0.014 -0.013600001 0.32157 0.35686 0.39216
v -0.020300001 0.014 -0.015000001 0.32157 0.35686 0.39216
v -0.02 0.014 -0.013600001 0.32157 0.35686 0.39216
v -0.02 0.014 -0.015000001 0.32157 0.35686 0.39216
v -0.020300001 0.014 -0.013600001 0.19608 0.21961 0.23922
v -0.020300001 -0.0089999996 -0.013600001 0.19608 0.21961 0.23922
v -0.02 -0.0089999996 -0.013600001 0.19608 0.21961 0.23922
v -0.020300001 0.014 -0.013600001 0.19608 0.21961 0.23922
v -0.02 -0.0089999996 -0.013600001 0.19608 0.21961 0.23922
v -0.02 0.014 -0.013600001 0.19608 0.21961 0.23922
v -0.020300001 -0.0089999996 -0.013600001 0.19608 0.21961 0.23922
v -0.020300001 -0.0089999996 -0.015000001 0.19608 0.21961 0.23922
v -0.02 -0.0089999996 -0.015000001 0.19608 0.21961 0.23922
v -0.020300001 -0.0089999996 -0.013600001 0.19608 0.21961 0.23922
v -0.02 -0.0089999996 -0.015000001 0.19608 0.21961 0.23922
v -0.02 -0.0089999996 -0.013600001 0.19608 0.21961 0.23922
v 0.02 -0.0089999996 -0.015000001 0.24706 0.27843 0.30588
v 0.02 0.014 -0.013600001 0.24706 0.27843 0.30588
v 0.02 0.014 -0.015000001 0.24706 0.27843 0.30588
v 0.020300001 -0.0089999996 -0.015000001 0.19608 0.21961 0.23922
v 0.020300001 0.014 -0.015000001 0.19608 0.21961 0.23922
v 0.020300001 0.014 -0.013600001 0.19608 0.21961 0.23922
v 0.02 -0.0089999996 -0.015000001 0.24706 0.27843 0.30588
v 0.02 -0.0089999996 -0.013600001 0.24706 0.27843 0.30588
v 0.02 0.014 -0.013600001 0.24706 0.27843 0.30588
v 0.020300001 -0.0089999996 -0.015000001 0.19608 0.21961 0.23922
v 0.020300001 0.014 -0.013600001 0.19608 0.21961 0.23922
v 0.020300001 -0.0089999996 -0.013600001 0.19608 0.21961 0.23922
v 0.02 -0.0089999996 -0.015000001 0.26275 0.29412 0.32157
v 0.02 0.014 -0.015000001 0.26275 0.29412 0.32157
v 0.020300001 0.014 -0.015000001 0.26275 0.29412 0.32157
v 0.02 -0.0089999996 -0.015000001 0.26275 0.29412 0.32157
v 0.020300001 0.014 -0.015000001 0.26275 0.29412 0.32157
v 0.020300001 -0.0089999996 -0.015000001 0.26275 0.29412 0.32157
v 0.02 0.014 -0.015000001 0.32157 0.35686 0.39216
v 0.02 0.014 -0.013600001 0.32157 0.35686 0.39216
v 0.020300001 0.014 -0.013600001 0.32157 0.35686 0.39216
v 0.02 0.014 -0.015000001 0.32157 0.35686 0.39216
v 0.020300001 0.014 -0.013600001 0.32157 0.35686 0.39216
v 0.020300001 0.014 -0.015000001 0.32157 0.35686 0.39216
v 0.02 0.014 -0.013600001 0.19608 0.21961 0.23922
v 0.02 -0.0089999996 -0.013600001 0.19608 0.21961 0.23922
v 0.020300001 -0.0089999996 -0.013600001 0.19608 0.21961 0.23922
v 0.02 0.014 -0.013600001 0.19608 0.21961 0.23922
v 0.020300001 -0.0089999996 -0.013600001 0.19608 0.21961 0.23922
v 0.020300001 0.014 -0.013600001 0.19608 0.21961 0.23922
v 0.02 -0.0089999996 -0.013600001 0.19608 0.21961 0.23922
v 0.02 -0.0089999996 -0.015000001 0.19608 0.21961 0.23922
v 0.020300001 -0.0089999996 -0.015000001 0.19608 0.21961 0.23922
v 0.02 -0.0089999996 -0.013600001 0.19608 0.21961 0.23922
v 0.020300001 -0.0089999996 -0.015000001 0.19608 0.21961 0.23922
v 0.020300001 -0.0089999996 -0.013600001 0.19608 0.21961 0.23922
v -0.020300001 -0.0089999996 -0.011 0.24706 0.27843 0.30588
v -0.020300001 0.014 -0.0096000005 0.24706 0.27843 0.30588
v -0.020300001 0.014 -0.011 0.24706 0.27843 0.30588
v -0.02 -0.0089999996 -0.011 0.19608 0.21961 0.23922
v -0.02 0.014 -0.011 0.19608 0.21961 0.23922
v -0.02 0.014 -0.0096000005 0.19608 0.21961 0.23922
v -0.020300001 -0.0089999996 -0.011 0.24706 0.27843 0.30588
v -0.020300001 -0.0089999996 -0.0096000005 0.24706 0.27843 0.30588
v -0.020300001 0.014 -0.0096000005 0.24706 0.27843 0.30588
v -0.02 -0.0089999996 -0.011 0.19608 0.21961 0.23922
v -0.02 0.014 -0.0096000005 0.19608 0.21961 0.23922
v -0.02 -0.0089999996 -0.0096000005 0.19608 0.21961 0.23922
v -0.020300001 -0.0089999996 -0.011 0.26275 0.29412 0.32157
v -0.020300001 0.014 -0.011 0.26275 0.29412 0.32157
v -0.02 0.014 -0.011 0.26275 0.29412 0.32157
v -0.020300001 -0.0089999996 -0.011 0.26275 0.29412 0.32157
v -0.02 0.014 -0.011 0.26275 0.29412 0.32157
v -0.02 -0.0089999996 -0.011 0.26275 0.29412 0.32157
v -0.020300001 0.014 -0.011 0.32157 0.35686 0.39216
v -0.020300001 0.014 -0.0096000005 0.32157 0.35686 0.39216
v -0.02 0.014 -0.0096000005 0.32157 0.35686 0.39216
v -0.020300001 0.014 -0.011 0.32157 0.35686 0.39216
v -0.02 0.014 -0.0096000005 0.32157 0.35686 0.39216
v -0.02 0.014 -0.011 0.32157 0.35686 0.39216
v -0.020300001 0.014 -0.0096000005 0.19608 0.21961 0.23922
v -0.020300001 -0.0089999996 -0.0096000005 0.19608 0.21961 0.23922
v -0.02 -0.0089999996 -0.0096000005 0.19608 0.21961 0.23922
v -0.020300001 0.014 -0.0096000005 0.19608 0.21961 0.23922
v -0.02 -0.0089999996 -0.0096000005 0.19608 0.21961 0.23922
v -0.02 0.014 -0.0096000005 0.19608 0.21961 0.23922
v -0.020300001 -0.0089999996 -0.0096000005 0.19608 0.21961 0.23922
v -0.020300001 -0.0089999996 -0.011 0.19608 0.21961 0.23922
v -0.02 -0.0089999996 -0.011 0.19608 0.21961 0.23922
v -0.020300001 -0.0089999996 -0.0096000005 0.19608 0.21961 0.23922
v -0.02 -0.0089999996 -0.011 0.19608 0.21961 0.23922
v -0.02 -0.0089999996 -0.0096000005 0.19608 0.21961 0.23922
v 0.02 -0.0089999996 -0.011 0.24706 0.27843 0.30588
v 0.02 0.014 -0.0096000005 0.24706 0.27843 0.30588
v 0.02 0.014 -0.011 0.24706 0.27843 0.30588
v 0.020300001 -0.0089999996 -0.011 0.19608 0.21961 0.23922
v 0.020300001 0.014 -0.011 0.19608 0.21961 0.23922
v 0.020300001 0.014 -0.0096000005 0.19608 0.21961 0.23922
v 0.02 -0.0089999996 -0.011 0.24706 0.27843 0.30588
v 0.02 -0.0089999996 -0.0096000005 0.24706 0.27843 0.30588
v 0.02 0.014 -0.0096000005 0.24706 0.27843 0.30588
v 0.020300001 -0.0089999996 -0.011 0.19608 0.21961 0.23922
v 0.020300001 0.014 -0.0096000005 0.19608 0.21961 0.23922
v 0.020300001 -0.0089999996 -0.0096000005 0.19608 0.21961 0.23922
v 0.02 -0.0089999996 -0.011 0.26275 0.29412 0.32157
v 0.02 0.014 -0.011 0.26275 0.29412 0.32157
v 0.020300001 0.014 -0.011 0.26275 0.29412 0.32157
v 0.02 -0.0089999996 -0.011 0.26275 0.29412 0.32157
v 0.020300001 0.014 -0.011 0.26275 0.29412 0.32157
v 0.020300001 -0.0089999996 -0.011 0.26275 0.29412 0.32157
v 0.02 0.014 -0.011 0.32157 0.35686 0.39216
v 0.02 0.014 -0.0096000005 0.32157 0.35686 0.39216
v 0.020300001 0.014 -0.0096000005 0.32157 0.35686 0.39216
v 0.02 0.014 -0.011 0.32157 0.35686 0.39216
v 0.020300001 0.014 -0.0096000005 0.32157 0.35686 0.39216
v 0.020300001 0.014 -0.011 0.32157 0.35686 0.39216
v 0.02 0.014 -0.0096000005 0.19608 0.21961 0.23922
v 0.02 -0.0089999996 -0.0096000005 0.19608 0.21961 0.23922
v 0.020300001 -0.0089999996 -0.0096000005 0.19608 0.21961 0.23922
v 0.02 0.014 -0.0096000005 0.19608 0.21961 0.23922
v 0.020300001 -0.0089999996 -0.0096000005 0.19608 0.21961 0.23922
v 0.020300001 0.014 -0.0096000005 0.19608 0.21961 0.23922
v 0.02 -0.0089999996 -0.0096000005 0.19608 0.21961 0.23922
v 0.02 -0.0089999996 -0.011 0.19608 0.21961 0.23922
v 0.020300001 -0.0089999996 -0.011 0.19608 0.21961 0.23922
v 0.02 -0.0089999996 -0.0096000005 0.19608 0.21961 0.23922
v 0.020300001 -0.0089999996 -0.011 0.19608 0.21961 0.23922
v 0.020300001 -0.0089999996 -0.0096000005 0.19608 0.21961 0.23922
v -0.020300001 -0.0089999996 -0.0069999993 0.24706 0.27843 0.30588
v -0.020300001 0.014 -0.0055999993 0.24706 0.27843 0.30588
v -0.020300001 0.014 -0.0069999993 0.24706 0.27843 0.30588
v -0.02 -0.0089999996 -0.0069999993 0.19608 0.21961 0.23922
v -0.02 0.014 -0.0069999993 0.19608 0.21961 0.23922
v -0.02 0.014 -0.0055999993 0.19608 0.21961 0.23922
v -0.020300001 -0.0089999996 -0.0069999993 0.24706 0.27843 0.30588
v -0.020300001 -0.0089999996 -0.0055999993 0.24706 0.27843 0.30588
v -0.020300001 0.014 -0.0055999993 0.24706 0.27843 0.30588
v -0.02 -0.0089999996 -0.0069999993 0.19608 0.21961 0.23922
v -0.02 0.014 -0.0055999993 0.19608 0.21961 0.23922
v -0.02 -0.0089999996 -0.0055999993 0.19608 0.21961 0.23922
v -0.020300001 -0.0089999996 -0.0069999993 0.26275 0.29412 0.32157
v -0.020300001 0.014 -0.0069999993 0.26275 0.29412 0.32157
v -0.02 0.014 -0.0069999993 0.26275 0.29412 0.32157
v -0.020300001 -0.0089999996 -0.0069999993 0.26275 0.29412 0.32157
v -0.02 0.014 -0.0069999993 0.26275 0.29412 0.32157
v -0.02 -0.0089999996 -0.0069999993 0.26275 0.29412 0.32157
v -0.020300001 0.014 -0.0069999993 0.32157 0.35686 0.39216
v -0.020300001 0.014 -0.0055999993 0.32157 0.35686 0.39216
v -0.02 0.014 -0.0055999993 0.32157 0.35686 0.39216
v -0.020300001 0.014 -0.0069999993 0.32157 0.35686 0.39216
v -0.02 0.014 -0.0055999993 0.32157 0.35686 0.39216
v -0.02 0.014 -0.0069999993 0.32157 0.35686 0.39216
v -0.020300001 0.014 -0.0055999993 0.19608 0.21961 0.23922
v -0.020300001 -0.0089999996 -0.0055999993 0.19608 0.21961 0.23922
v -0.02 -0.0089999996 -0.0055999993 0.19608 0.21961 0.23922
v -0.020300001 0.014 -0.0055999993 0.19608 0.21961 0.23922
v -0.02 -0.0089999996 -0.0055999993 0.19608 0.21961 0.23922
v -0.02 0.014 -0.0055999993 0.19608 0.21961 0.23922
v -0.020300001 -0.0089999996 -0.0055999993 0.19608 0.21961 0.23922
v -0.020300001 -0.0089999996 -0.0069999993 0.19608 0.21961 0.23922
v -0.02 -0.0089999996 -0.0069999993 0.19608 0.21961 0.23922
v -0.020300001 -0.0089999996 -0.0055999993 0.19608 0.21961 0.23922
v -0.02 -0.0089999996 -0.0069999993 0.19608 0.21961 0.23922
v -0.02 -0.0089999996 -0.0055999993 0.19608 0.21961 0.23922
v 0.02 -0.0089999996 -0.0069999993 0.24706 0.27843 0.30588
v 0.02 0.014 -0.0055999993 0.24706 0.27843 0.30588
v 0.02 0.014 -0.0069999993 0.24706 0.27843 0.30588
v 0.020300001 -0.0089999996 -0.0069999993 0.19608 0.21961 0.23922
v 0.020300001 0.014 -0.0069999993 0.19608 0.21961 0.23922
v 0.020300001 0.014 -0.0055999993 0.19608 0.21961 0.23922
v 0.02 -0.0089999996 -0.0069999993 0.24706 0.27843 0.30588
v 0.02 -0.0089999996 -0.0055999993 0.24706 0.27843 0.30588
v 0.02 0.014 -0.0055999993 0.24706 0.27843 0.30588
v 0.020300001 -0.0089999996 -0.0069999993 0.19608 0.21961 0.23922
v 0.020300001 0.014 -0.0055999993 0.19608 0.21961 0.23922
v 0.020300001 -0.0089999996 -0.0055999993 0.19608 0.21961 0.23922
v 0.02 -0.0089999996 -0.0069999993 0.26275 0.29412 0.32157
v 0.02 0.014 -0.0069999993 0.26275 0.29412 0.32157
v 0.020300001 0.014 -0.0069999993 0.26275 0.29412 0.32157
v 0.02 -0.0089999996 -0.0069999993 0.26275 0.29412 0.32157
v 0.020300001 0.014 -0.0069999993 0.26275 0.29412 0.32157
v 0.020300001 -0.0089999996 -0.0069999993 0.26275 0.29412 0.32157
v 0.02 0.014 -0.0069999993 0.32157 0.35686 0.39216
v 0.02 0.014 -0.0055999993 0.32157 0.35686 0.39216
v 0.020300001 0.014 -0.0055999993 0.32157 0.35686 0.39216
v 0.02 0.014 -0.0069999993 0.32157 0.35686 0.39216
v 0.020300001 0.014 -0.0055999993 0.32157 0.35686 0.39216
v 0.020300001 0.014 -0.0069999993 0.32157 0.35686 0.39216
v 0.02 0.014 -0.0055999993 0.19608 0.21961 0.23922
v 0.02 -0.0089999996 -0.0055999993 0.19608 0.21961 0.23922
v 0.020300001 -0.0089999996 -0.0055999993 0.19608 0.21961 0.23922
v 0.02 0.014 -0.0055999993 0.19608 0.21961 0.23922
v 0.020300001 -0.0089999996 -0.0055999993 0.19608 0.21961 0.23922
v 0.020300001 0.014 -0.0055999993 0.19608 0.21961 0.23922
v 0.02 -0.0089999996 -0.0055999993 0.19608 0.21961 0.23922
v 0.02 -0.0089999996 -0.0069999993 0.19608 0.21961 0.23922
v 0.020300001 -0.0089999996 -0.0069999993 0.19608 0.21961 0.23922
v 0.02 -0.0089999996 -0.0055999993 0.19608 0.21961 0.23922
v 0.020300001 -0.0089999996 -0.0069999993 0.19608 0.21961 0.23922
v 0.020300001 -0.0089999996 -0.0055999993 0.19608 0.21961 0.23922
v -0.020300001 -0.0089999996 -0.0030000005 0.24706 0.27843 0.30588
v -0.020300001 0.014 -0.0016000005 0.24706 0.27843 0.30588
v -0.020300001 0.014 -0.0030000005 0.24706 0.27843 0.30588
v -0.02 -0.0089999996 -0.0030000005 0.19608 0.21961 0.23922
v -0.02 0.014 -0.0030000005 0.19608 0.21961 0.23922
v -0.02 0.014 -0.0016000005 0.19608 0.21961 0.23922
v -0.020300001 -0.0089999996 -0.0030000005 0.24706 0.27843 0.30588
v -0.020300001 -0.0089999996 -0.0016000005 0.24706 0.27843 0.30588
v -0.020300001 0.014 -0.0016000005 0.24706 0.27843 0.30588
v -0.02 -0.0089999996 -0.0030000005 0.19608 0.21961 0.23922
v -0.02 0.014 -0.0016000005 0.19608 0.21961 0.23922
v -0.02 -0.0089999996 -0.0016000005 0.19608 0.21961 0.23922
v -0.020300001 -0.0089999996 -0.0030000005 0.26275 0.29412 0.32157
v -0.020300001 0.014 -0.0030000005 0.26275 0.29412 0.32157
v -0.02 0.014 -0.0030000005 0.26275 0.29412 0.32157
v -0.020300001 -0.0089999996 -0.0030000005 0.26275 0.29412 0.32157
v -0.02 0.014 -0.0030000005 0.26275 0.29412 0.32157
v -0.02 -0.0089999996 -0.0030000005 0.26275 0.29412 0.32157
v -0.020300001 0.014 -0.0030000005 0.32157 0.35686 0.39216
v -0.020300001 0.014 -0.0016000005 0.32157 0.35686 0.39216
v -0.02 0.014 -0.0016000005 0.32157 0.35686 0.39216
v -0.020300001 0.014 -0.0030000005 0.32157 0.35686 0.39216
v -0.02 0.014 -0.0016000005 0.32157 0.35686 0.39216
v -0.02 0.014 -0.0030000005 0.32157 0.35686 0.39216
v -0.020300001 0.014 -0.0016000005 0.19608 0.21961 0.23922
v -0.020300001 -0.0089999996 -0.0016000005 0.19608 0.21961 0.23922
v -0.02 -0.0089999996 -0.0016000005 0.19608 0.21961 0.23922
v -0.020300001 0.014 -0.0016000005 0.19608 0.21961 0.23922
v -0.02 -0.0089999996 -0.0016000005 0.19608 0.21961 0.23922
v -0.02 0.014 -0.0016000005 0.19608 0.21961 0.23922
v -0.020300001 -0.0089999996 -0.0016000005 0.19608 0.21961 0.23922
v -0.020300001 -0.0089999996 -0.0030000005 0.19608 0.21961 0.23922
v -0.02 -0.0089999996 -0.0030000005 0.19608 0.21961 0.23922
v -0.020300001 -0.0089999996 -0.0016000005 0.19608 0.21961 0.23922
v -0.02 -0.0089999996 -0.0030000005 0.19608 0.21961 0.23922
v -0.02 -0.0089999996 -0.0016000005 0.19608 0.21961 0.23922
v 0.02 -0.0089999996 -0.0030000005 0.24706 0.27843 0.30588
v 0.02 0.014 -0.0016000005 0.24706 0.27843 0.30588
v 0.02 0.014 -0.0030000005 0.24706 0.27843 0.30588
v 0.020300001 -0.0089999996 -0.0030000005 0.19608 0.21961 0.23922
v 0.020300001 0.014 -0.0030000005 0.19608 0.21961 0.23922
v 0.020300001 0.014 -0.0016000005 0.19608 0.21961 0.23922
v 0.02 -0.0089999996 -0.0030000005 0.24706 0.27843 0.30588
v 0.02 -0.0089999996 -0.0016000005 0.24706 0.27843 0.30588
v 0.02 0.014 -0.0016000005 0.24706 0.27843 0.30588
v 0.020300001 -0.0089999996 -0.0030000005 0.19608 0.21961 0.23922
v 0.020300001 0.014 -0.0016000005 0.19608 0.21961 0.23922
v 0.020300001 -0.0089999996 -0.0016000005 0.19608 0.21961 0.23922
v 0.02 -0.0089999996 -0.0030000005 0.26275 0.29412 0.32157
v 0.02 0.014 -0.0030000005 0.26275 0.29412 0.32157
v 0.020300001 0.014 -0.0030000005 0.26275 0.29412 0.32157
v 0.02 -0.0089999996 -0.0030000005 0.26275 0.29412 0.32157
v 0.020300001 0.014 -0.0030000005 0.26275 0.29412 0.32157
v 0.020300001 -0.0089999996 -0.0030000005 0.26275 0.29412 0.32157
v 0.02 0.014 -0.0030000005 0.32157 0.35686 0.39216
v 0.02 0.014 -0.0016000005 0.32157 0.35686 0.39216
v 0.020300001 0.014 -0.0016000005 0.32157 0.35686 0.39216
v 0.02 0.014 -0.0030000005 0.32157 0.35686 0.39216
v 0.020300001 0.014 -0.0016000005 0.32157 0.35686 0.39216
v 0.020300001 0.014 -0.0030000005 0.32157 0.35686 0.39216
v 0.02 0.014 -0.0016000005 0.19608 0.21961 0.23922
v 0.02 -0.0089999996 -0.0016000005 0.19608 0.21961 0.23922
v 0.020300001 -0.0089999996 -0.0016000005 0.19608 0.21961 0.23922
v 0.02 0.014 -0.0016000005 0.19608 0.21961 0.23922
v 0.020300001 -0.0089999996 -0.0016000005 0.19608 0.21961 0.23922
v 0.020300001 0.014 -0.0016000005 0.19608 0.21961 0.23922
v 0.02 -0.0089999996 -0.0016000005 0.19608 0.21961 0.23922
v 0.02 -0.0089999996 -0.0030000005 0.19608 0.21961 0.23922
v 0.020300001 -0.0089999996 -0.0030000005 0.19608 0.21961 0.23922
v 0.02 -0.0089999996 -0.0016000005 0.19608 0.21961 0.23922
v 0.020300001 -0.0089999996 -0.0030000005 0.19608 0.21961 0.23922
v 0.020300001 -0.0089999996 -0.0016000005 0.19608 0.21961 0.23922
v -0.016799999 -0.041999999 -0.037999999 0.090196 0.10196 0.11765
v -0.016799999 -0.040199999 -0.010999998 0.090196 0.10196 0.11765
v -0.016799999 -0.040199999 -0.037999999 0.090196 0.10196 0.11765
v -0.0165 -0.041999999 -0.037999999 0.070588 0.082353 0.090196
v -0.0165 -0.040199999 -0.037999999 0.070588 0.082353 0.090196
v -0.0165 -0.040199999 -0.010999998 0.070588 0.082353 0.090196
v -0.016799999 -0.041999999 -0.037999999 0.090196 0.10196 0.11765
v -0.016799999 -0.041999999 -0.010999998 0.090196 0.10196 0.11765
v -0.016799999 -0.040199999 -0.010999998 0.090196 0.10196 0.11765
v -0.0165 -0.041999999 -0.037999999 0.070588 0.082353 0.090196
v -0.0165 -0.040199999 -0.010999998 0.070588 0.082353 0.090196
v -0.0165 -0.041999999 -0.010999998 0.070588 0.082353 0.090196
v -0.016799999 -0.041999999 -0.037999999 0.098039 0.1098 0.12157
v -0.016799999 -0.040199999 -0.037999999 0.098039 0.1098 0.12157
v -0.0165 -0.040199999 -0.037999999 0.098039 0.1098 0.12157
v -0.016799999 -0.041999999 -0.037999999 0.098039 0.1098 0.12157
v -0.0165 -0.040199999 -0.037999999 0.098039 0.1098 0.12157
v -0.0165 -0.041999999 -0.037999999 0.098039 0.1098 0.12157
v -0.016799999 -0.040199999 -0.037999999 0.11765 0.13333 0.14902
v -0.016799999 -0.040199999 -0.010999998 0.11765 0.13333 0.14902
v -0.0165 -0.040199999 -0.010999998 0.11765 0.13333 0.14902
v -0.016799999 -0.040199999 -0.037999999 0.11765 0.13333 0.14902
v -0.0165 -0.040199999 -0.010999998 0.11765 0.13333 0.14902
v -0.0165 -0.040199999 -0.037999999 0.11765 0.13333 0.14902
v -0.016799999 -0.040199999 -0.010999998 0.070588 0.082353 0.090196
v -0.016799999 -0.041999999 -0.010999998 0.070588 0.082353 0.090196
v -0.0165 -0.041999999 -0.010999998 0.070588 0.082353 0.090196
v -0.016799999 -0.040199999 -0.010999998 0.070588 0.082353 0.090196
v -0.0165 -0.041999999 -0.010999998 0.070588 0.082353 0.090196
v -0.0165 -0.040199999 -0.010999998 0.070588 0.082353 0.090196
v -0.016799999 -0.041999999 -0.010999998 0.070588 0.082353 0.090196
v -0.016799999 -0.041999999 -0.037999999 0.070588 0.082353 0.090196
v -0.0165 -0.041999999 -0.037999999 0.070588 0.082353 0.090196
v -0.016799999 -0.041999999 -0.010999998 0.070588 0.082353 0.090196
v -0.0165 -0.041999999 -0.037999999 0.070588 0.082353 0.090196
v -0.0165 -0.041999999 -0.010999998 0.070588 0.082353 0.090196
v 0.0165 -0.041999999 -0.037999999 0.090196 0.10196 0.11765
v 0.0165 -0.040199999 -0.010999998 0.090196 0.10196 0.11765
v 0.0165 -0.040199999 -0.037999999 0.090196 0.10196 0.11765
v 0.016799999 -0.041999999 -0.037999999 0.070588 0.082353 0.090196
v 0.016799999 -0.040199999 -0.037999999 0.070588 0.082353 0.090196
v 0.016799999 -0.040199999 -0.010999998 0.070588 0.082353 0.090196
v 0.0165 -0.041999999 -0.037999999 0.090196 0.10196 0.11765
v 0.0165 -0.041999999 -0.010999998 0.090196 0.10196 0.11765
v 0.0165 -0.040199999 -0.010999998 0.090196 0.10196 0.11765
v 0.016799999 -0.041999999 -0.037999999 0.070588 0.082353 0.090196
v 0.016799999 -0.040199999 -0.010999998 0.070588 0.082353 0.090196
v 0.016799999 -0.041999999 -0.010999998 0.070588 0.082353 0.090196
v 0.0165 -0.041999999 -0.037999999 0.098039 0.1098 0.12157
v 0.0165 -0.040199999 -0.037999999 0.098039 0.1098 0.12157
v 0.016799999 -0.040199999 -0.037999999 0.098039 0.1098 0.12157
v 0.0165 -0.041999999 -0.037999999 0.098039 0.1098 0.12157
v 0.016799999 -0.040199999 -0.037999999 0.098039 0.1098 0.12157
v 0.016799999 -0.041999999 -0.037999999 0.098039 0.1098 0.12157
v 0.0165 -0.040199999 -0.037999999 0.11765 0.13333 0.14902
v 0.0165 -0.040199999 -0.010999998 0.11765 0.13333 0.14902
v 0.016799999 -0.040199999 -0.010999998 0.11765 0.13333 0.14902
v 0.0165 -0.040199999 -0.037999999 0.11765 0.13333 0.14902
v 0.016799999 -0.040199999 -0.010999998 0.11765 0.13333 0.14902
v 0.016799999 -0.040199999 -0.037999999 0.11765 0.13333 0.14902
v 0.0165 -0.040199999 -0.010999998 0.070588 0.082353 0.090196
v 0.0165 -0.041999999 -0.010999998 0.070588 0.082353 0.090196
v 0.016799999 -0.041999999 -0.010999998 0.070588 0.082353 0.090196
v 0.0165 -0.040199999 -0.010999998 0.070588 0.082353 0.090196
v 0.016799999 -0.041999999 -0.010999998 0.070588 0.082353 0.090196
v 0.016799999 -0.040199999 -0.010999998 0.070588 0.082353 0.090196
v 0.0165 -0.041999999 -0.010999998 0.070588 0.082353 0.090196
v 0.0165 -0.041999999 -0.037999999 0.070588 0.082353 0.090196
v 0.016799999 -0.041999999 -0.037999999 0.070588 0.082353 0.090196
v 0.0165 -0.041999999 -0.010999998 0.070588 0.082353 0.090196
v 0.016799999 -0.041999999 -0.037999999 0.070588 0.082353 0.090196
v 0.016799999 -0.041999999 -0.010999998 0.070588 0.082353 0.090196
v -0.016799999 -0.048 -0.039799999 0.090196 0.10196 0.11765
v -0.016799999 -0.0462 -0.012799999 0.090196 0.10196 0.11765
v -0.016799999 -0.0462 -0.039799999 0.090196 0.10196 0.11765
v -0.0165 -0.048 -0.039799999 0.070588 0.082353 0.090196
v -0.0165 -0.0462 -0.039799999 0.070588 0.082353 0.090196
v -0.0165 -0.0462 -0.012799999 0.070588 0.082353 0.090196
v -0.016799999 -0.048 -0.039799999 0.090196 0.10196 0.11765
v -0.016799999 -0.048 -0.012799999 0.090196 0.10196 0.11765
v -0.016799999 -0.0462 -0.012799999 0.090196 0.10196 0.11765
v -0.0165 -0.048 -0.039799999 0.070588 0.082353 0.090196
v -0.0165 -0.0462 -0.012799999 0.070588 0.082353 0.090196
v -0.0165 -0.048 -0.012799999 0.070588 0.082353 0.090196
v -0.016799999 -0.048 -0.039799999 0.098039 0.1098 0.12157
v -0.016799999 -0.0462 -0.039799999 0.098039 0.1098 0.12157
v -0.0165 -0.0462 -0.039799999 0.098039 0.1098 0.12157
v -0.016799999 -0.048 -0.039799999 0.098039 0.1098 0.12157
v -0.0165 -0.0462 -0.039799999 0.098039 0.1098 0.12157
v -0.0165 -0.048 -0.039799999 0.098039 0.1098 0.12157
v -0.016799999 -0.0462 -0.039799999 0.11765 0.13333 0.14902
v -0.016799999 -0.0462 -0.012799999 0.11765 0.13333 0.14902
v -0.0165 -0.0462 -0.012799999 0.11765 0.13333 0.14902
v -0.016799999 -0.0462 -0.039799999 0.11765 0.13333 0.14902
v -0.0165 -0.0462 -0.012799999 0.11765 0.13333 0.14902
v -0.0165 -0.0462 -0.039799999 0.11765 0.13333 0.14902
v -0.016799999 -0.0462 -0.012799999 0.070588 0.082353 0.090196
v -0.016799999 -0.048 -0.012799999 0.070588 0.082353 0.090196
v -0.0165 -0.048 -0.012799999 0.070588 0.082353 0.090196
v -0.016799999 -0.0462 -0.012799999 0.070588 0.082353 0.090196
v -0.0165 -0.048 -0.012799999 0.070588 0.082353 0.090196
v -0.0165 -0.0462 -0.012799999 0.070588 0.082353 0.090196
v -0.016799999 -0.048 -0.012799999 0.070588 0.082353 0.090196
v -0.016799999 -0.048 -0.039799999 0.070588 0.082353 0.090196
v -0.0165 -0.048 -0.039799999 0.070588 0.082353 0.090196
v -0.016799999 -0.048 -0.012799999 0.070588 0.082353 0.090196
v -0.0165 -0.048 -0.039799999 0.070588 0.082353 0.090196
v -0.0165 -0.048 -0.012799999 0.070588 0.082353 0.090196
v 0.0165 -0.048 -0.039799999 0.090196 0.10196 0.11765
v 0.0165 -0.0462 -0.012799999 0.090196 0.10196 0.11765
v 0.0165 -0.0462 -0.039799999 0.090196 0.10196 0.11765
v 0.016799999 -0.048 -0.039799999 0.070588 0.082353 0.090196
v 0.016799999 -0.0462 -0.039799999 0.070588 0.082353 0.090196
v 0.016799999 -0.0462 -0.012799999 0.070588 0.082353 0.090196
v 0.0165 -0.048 -0.039799999 0.090196 0.10196 0.11765
v 0.0165 -0.048 -0.012799999 0.090196 0.10196 0.11765
v 0.0165 -0.0462 -0.012799999 0.090196 0.10196 0.11765
v 0.016799999 -0.048 -0.039799999 0.070588 0.082353 0.090196
v 0.016799999 -0.0462 -0.012799999 0.070588 0.082353 0.090196
v 0.016799999 -0.048 -0.012799999 0.070588 0.082353 0.090196
v 0.0165 -0.048 -0.039799999 0.098039 0.1098 0.12157
v 0.0165 -0.0462 -0.039799999 0.098039 0.1098 0.12157
v 0.016799999 -0.0462 -0.039799999 0.098039 0.1098 0.12157
v 0.0165 -0.048 -0.039799999 0.098039 0.1098 0.12157
v 0.016799999 -0.0462 -0.039799999 0.098039 0.1098 0.12157
v 0.016799999 -0.048 -0.039799999 0.098039 0.1098 0.12157
v 0.0165 -0.0462 -0.039799999 0.11765 0.13333 0.14902
v 0.0165 -0.0462 -0.012799999 0.11765 0.13333 0.14902
v 0.016799999 -0.0462 -0.012799999 0.11765 0.13333 0.14902
v 0.0165 -0.0462 -0.039799999 0.11765 0.13333 0.14902
v 0.016799999 -0.0462 -0.012799999 0.11765 0.13333 0.14902
v 0.016799999 -0.0462 -0.039799999 0.11765 0.13333 0.14902
v 0.0165 -0.0462 -0.012799999 0.070588 0.082353 0.090196
v 0.0165 -0.048 -0.012799999 0.070588 0.082353 0.090196
v 0.016799999 -0.048 -0.012799999 0.070588 0.082353 0.090196
v 0.0165 -0.0462 -0.012799999 0.070588 0.082353 0.090196
v 0.016799999 -0.048 -0.012799999 0.070588 0.082353 0.090196
v 0.016799999 -0.0462 -0.012799999 0.070588 0.082353 0.090196
v 0.0165 -0.048 -0.012799999 0.070588 0.082353 0.090196
v 0.0165 -0.048 -0.039799999 0.070588 0.082353 0.090196
v 0.016799999 -0.048 -0.039799999 0.070588 0.082353 0.090196
v 0.0165 -0.048 -0.012799999 0.070588 0.082353 0.090196
v 0.016799999 -0.048 -0.039799999 0.070588 0.082353 0.090196
v 0.016799999 -0.048 -0.012799999 0.070588 0.082353 0.090196
v -0.016799999 -0.053999998 -0.0416 0.090196 0.10196 0.11765
v -0.016799999 -0.052199997 -0.014599999 0.090196 0.10196 0.11765
v -0.016799999 -0.052199997 -0.0416 0.090196 0.10196 0.11765
v -0.0165 -0.053999998 -0.0416 0.070588 0.082353 0.090196
v -0.0165 -0.052199997 -0.0416 0.070588 0.082353 0.090196
v -0.0165 -0.052199997 -0.014599999 0.070588 0.082353 0.090196
v -0.016799999 -0.053999998 -0.0416 0.090196 0.10196 0.11765
v -0.016799999 -0.053999998 -0.014599999 0.090196 0.10196 0.11765
v -0.016799999 -0.052199997 -0.014599999 0.090196 0.10196 0.11765
v -0.0165 -0.053999998 -0.0416 0.070588 0.082353 0.090196
v -0.0165 -0.052199997 -0.014599999 0.070588 0.082353 0.090196
v -0.0165 -0.053999998 -0.014599999 0.070588 0.082353 0.090196
v -0.016799999 -0.053999998 -0.0416 0.098039 0.1098 0.12157
v -0.016799999 -0.052199997 -0.0416 0.098039 0.1098 0.12157
v -0.0165 -0.052199997 -0.0416 0.098039 0.1098 0.12157
v -0.016799999 -0.053999998 -0.0416 0.098039 0.1098 0.12157
v -0.0165 -0.052199997 -0.0416 0.098039 0.1098 0.12157
v -0.0165 -0.053999998 -0.0416 0.098039 0.1098 0.12157
v -0.016799999 -0.052199997 -0.0416 0.11765 0.13333 0.14902
v -0.016799999 -0.052199997 -0.014599999 0.11765 0.13333 0.14902
v -0.0165 -0.052199997 -0.014599999 0.11765 0.13333 0.14902
v -0.016799999 -0.052199997 -0.0416 0.11765 0.13333 0.14902
v -0.0165 -0.052199997 -0.014599999 0.11765 0.13333 0.14902
v -0.0165 -0.052199997 -0.0416 0.11765 0.13333 0.14902
v -0.016799999 -0.052199997 -0.014599999 0.070588 0.082353 0.090196
v -0.016799999 -0.053999998 -0.014599999 0.070588 0.082353 0.090196
v -0.0165 -0.053999998 -0.014599999 0.070588 0.082353 0.090196
v -0.016799999 -0.052199997 -0.014599999 0.070588 0.082353 0.090196
v -0.0165 -0.053999998 -0.014599999 0.070588 0.082353 0.090196
v -0.0165 -0.052199997 -0.014599999 0.070588 0.082353 0.090196
v -0.016799999 -0.053999998 -0.014599999 0.070588 0.082353 0.090196
v -0.016799999 -0.053999998 -0.0416 0.070588 0.082353 0.090196
v -0.0165 -0.053999998 -0.0416 0.070588 0.082353 0.090196
v -0.016799999 -0.053999998 -0.014599999 0.070588 0.082353 0.090196
v -0.0165 -0.053999998 -0.0416 0.070588 0.082353 0.090196
v -0.0165 -0.053999998 -0.014599999 0.070588 0.082353 0.090196
v 0.0165 -0.053999998 -0.0416 0.090196 0.10196 0.11765
v 0.0165 -0.052199997 -0.014599999 0.090196 0.10196 0.11765
v 0.0165 -0.052199997 -0.0416 0.090196 0.10196 0.11765
v 0.016799999 -0.053999998 -0.0416 0.070588 0.082353 0.090196
v 0.016799999 -0.052199997 -0.0416 0.070588 0.082353 0.090196
v 0.016799999 -0.052199997 -0.014599999 0.070588 0.082353 0.090196
v 0.0165 -0.053999998 -0.0416 0.090196 0.10196 0.11765
v 0.0165 -0.053999998 -0.014599999 0.090196 0.10196 0.11765
v 0.0165 -0.052199997 -0.014599999 0.090196 0.10196 0.11765
v 0.016799999 -0.053999998 -0.0416 0.070588 0.082353 0.090196
v 0.016799999 -0.052199997 -0.014599999 0.070588 0.082353 0.090196
v 0.016799999 -0.053999998 -0.014599999 0.070588 0.082353 0.090196
v 0.0165 -0.053999998 -0.0416 0.098039 0.1098 0.12157
v 0.0165 -0.052199997 -0.0416 0.098039 0.1098 0.12157
v 0.016799999 -0.052199997 -0.0416 0.098039 0.1098 0.12157
v 0.0165 -0.053999998 -0.0416 0.098039 0.1098 0.12157
v 0.016799999 -0.052199997 -0.0416 0.098039 0.1098 0.12157
v 0.016799999 -0.053999998 -0.0416 0.098039 0.1098 0.12157
v 0.0165 -0.052199997 -0.0416 0.11765 0.13333 0.14902
v 0.0165 -0.052199997 -0.014599999 0.11765 0.13333 0.14902
v 0.016799999 -0.052199997 -0.014599999 0.11765 0.13333 0.14902
v 0.0165 -0.052199997 -0.0416 0.11765 0.13333 0.14902
v 0.016799999 -0.052199997 -0.014599999 0.11765 0.13333 0.14902
v 0.016799999 -0.052199997 -0.0416 0.11765 0.13333 0.14902
v 0.0165 -0.052199997 -0.014599999 0.070588 0.082353 0.090196
v 0.0165 -0.053999998 -0.014599999 0.070588 0.082353 0.090196
v 0.016799999 -0.053999998 -0.014599999 0.070588 0.082353 0.090196
v 0.0165 -0.052199997 -0.014599999 0.070588 0.082353 0.090196
v 0.016799999 -0.053999998 -0.014599999 0.070588 0.082353 0.090196
v 0.016799999 -0.052199997 -0.014599999 0.070588 0.082353 0.090196
v 0.0165 -0.053999998 -0.014599999 0.070588 0.082353 0.090196
v 0.0165 -0.053999998 -0.0416 0.070588 0.082353 0.090196
v 0.016799999 -0.053999998 -0.0416 0.070588 0.082353 0.090196
v 0.0165 -0.053999998 -0.014599999 0.070588 0.082353 0.090196
v 0.016799999 -0.053999998 -0.0416 0.070588 0.082353 0.090196
v 0.016799999 -0.053999998 -0.014599999 0.070588 0.082353 0.090196
v -0.016799999 -0.059999999 -0.043399997 0.090196 0.10196 0.11765
v -0.016799999 -0.058199998 -0.016399996 0.090196 0.10196 0.11765
v -0.016799999 -0.058199998 -0.043399997 0.090196 0.10196 0.11765
v -0.0165 -0.059999999 -0.043399997 0.070588 0.082353 0.090196
v -0.0165 -0.058199998 -0.043399997 0.070588 0.082353 0.090196
v -0.0165 -0.058199998 -0.016399996 0.070588 0.082353 0.090196
v -0.016799999 -0.059999999 -0.043399997 0.090196 0.10196 0.11765
v -0.016799999 -0.059999999 -0.016399996 0.090196 0.10196 0.11765
v -0.016799999 -0.058199998 -0.016399996 0.090196 0.10196 0.11765
v -0.0165 -0.059999999 -0.043399997 0.070588 0.082353 0.090196
v -0.0165 -0.058199998 -0.016399996 0.070588 0.082353 0.090196
v -0.0165 -0.059999999 -0.016399996 0.070588 0.082353 0.090196
v -0.016799999 -0.059999999 -0.043399997 0.098039 0.1098 0.12157
v -0.016799999 -0.058199998 -0.043399997 0.098039 0.1098 0.12157
v -0.0165 -0.058199998 -0.043399997 0.098039 0.1098 0.12157
v -0.016799999 -0.059999999 -0.043399997 0.098039 0.1098 0.12157
v -0.0165 -0.058199998 -0.043399997 0.098039 0.1098 0.12157
v -0.0165 -0.059999999 -0.043399997 0.098039 0.1098 0.12157
v -0.016799999 -0.058199998 -0.043399997 0.11765 0.13333 0.14902
v -0.016799999 -0.058199998 -0.016399996 0.11765 0.13333 0.14902
v -0.0165 -0.058199998 -0.016399996 0.11765 0.13333 0.14902
v -0.016799999 -0.058199998 -0.043399997 0.11765 0.13333 0.14902
v -0.0165 -0.058199998 -0.016399996 0.11765 0.13333 0.14902
v -0.0165 -0.058199998 -0.043399997 0.11765 0.13333 0.14902
v -0.016799999 -0.058199998 -0.016399996 0.070588 0.082353 0.090196
v -0.016799999 -0.059999999 -0.016399996 0.070588 0.082353 0.090196
v -0.0165 -0.059999999 -0.016399996 0.070588 0.082353 0.090196
v -0.016799999 -0.058199998 -0.016399996 0.070588 0.082353 0.090196
v -0.0165 -0.059999999 -0.016399996 0.070588 0.082353 0.090196
v -0.0165 -0.058199998 -0.016399996 0.070588 0.082353 0.090196
v -0.016799999 -0.059999999 -0.016399996 0.070588 0.082353 0.090196
v -0.016799999 -0.059999999 -0.043399997 0.070588 0.082353 0.090196
v -0.0165 -0.059999999 -0.043399997 0.070588 0.082353 0.090196
v -0.016799999 -0.059999999 -0.016399996 0.070588 0.082353 0.090196
v -0.0165 -0.059999999 -0.043399997 0.070588 0.082353 0.090196
v -0.0165 -0.059999999 -0.016399996 0.070588 0.082353 0.090196
v 0.0165 -0.059999999 -0.043399997 0.090196 0.10196 0.11765
v 0.0165 -0.058199998 -0.016399996 0.090196 0.10196 0.11765
v 0.0165 -0.058199998 -0.043399997 0.090196 0.10196 0.11765
v 0.016799999 -0.059999999 -0.043399997 0.070588 0.082353 0.090196
v 0.016799999 -0.058199998 -0.043399997 0.070588 0.082353 0.090196
v 0.016799999 -0.058199998 -0.016399996 0.070588 0.082353 0.090196
v 0.0165 -0.059999999 -0.043399997 0.090196 0.10196 0.11765
v 0.0165 -0.059999999 -0.016399996 0.090196 0.10196 0.11765
v 0.0165 -0.058199998 -0.016399996 0.090196 0.10196 0.11765
v 0.016799999 -0.059999999 -0.043399997 0.070588 0.082353 0.090196
v 0.016799999 -0.058199998 -0.016399996 0.070588 0.082353 0.090196
v 0.016799999 -0.059999999 -0.016399996 0.070588 0.082353 0.090196
v 0.0165 -0.059999999 -0.043399997 0.098039 0.1098 0.12157
v 0.0165 -0.058199998 -0.043399997 0.098039 0.1098 0.12157
v 0.016799999 -0.058199998 -0.043399997 0.098039 0.1098 0.12157
v 0.0165 -0.059999999 -0.043399997 0.098039 0.1098 0.12157
v 0.016799999 -0.058199998 -0.043399997 0.098039 0.1098 0.12157
v 0.016799999 -0.059999999 -0.043399997 0.098039 0.1098 0.12157
v 0.0165 -0.058199998 -0.043399997 0.11765 0.13333 0.14902
v 0.0165 -0.058199998 -0.016399996 0.11765 0.13333 0.14902
v 0.016799999 -0.058199998 -0.016399996 0.11765 0.13333 0.14902
v 0.0165 -0.058199998 -0.043399997 0.11765 0.13333 0.14902
v 0.016799999 -0.058199998 -0.016399996 0.11765 0.13333 0.14902
v 0.016799999 -0.058199998 -0.043399997 0.11765 0.13333 0.14902
v 0.0165 -0.058199998 -0.016399996 0.070588 0.082353 0.090196
v 0.0165 -0.059999999 -0.016399996 0.070588 0.082353 0.090196
v 0.016799999 -0.059999999 -0.016399996 0.070588 0.082353 0.090196
v 0.0165 -0.058199998 -0.016399996 0.070588 0.082353 0.090196
v 0.016799999 -0.059999999 -0.016399996 0.070588 0.082353 0.090196
v 0.016799999 -0.058199998 -0.016399996 0.070588 0.082353 0.090196
v 0.0165 -0.059999999 -0.016399996 0.070588 0.082353 0.090196
v 0.0165 -0.059999999 -0.043399997 0.070588 0.082353 0.090196
v 0.016799999 -0.059999999 -0.043399997 0.070588 0.082353 0.090196
v 0.0165 -0.059999999 -0.016399996 0.070588 0.082353 0.090196
v 0.016799999 -0.059999999 -0.043399997 0.070588 0.082353 0.090196
v 0.016799999 -0.059999999 -0.016399996 0.070588 0.082353 0.090196
v -0.016799999 -0.066 -0.045199998 0.090196 0.10196 0.11765
v -0.016799999 -0.064199999 -0.018199997 0.090196 0.10196 0.11765
v -0.016799999 -0.064199999 -0.045199998 0.090196 0.10196 0.11765
v -0.0165 -0.066 -0.045199998 0.070588 0.082353 0.090196
v -0.0165 -0.064199999 -0.045199998 0.070588 0.082353 0.090196
v -0.0165 -0.064199999 -0.018199997 0.070588 0.082353 0.090196
v -0.016799999 -0.066 -0.045199998 0.090196 0.10196 0.11765
v -0.016799999 -0.066 -0.018199997 0.090196 0.10196 0.11765
v -0.016799999 -0.064199999 -0.018199997 0.090196 0.10196 0.11765
v -0.0165 -0.066 -0.045199998 0.070588 0.082353 0.090196
v -0.0165 -0.064199999 -0.018199997 0.070588 0.082353 0.090196
v -0.0165 -0.066 -0.018199997 0.070588 0.082353 0.090196
v -0.016799999 -0.066 -0.045199998 0.098039 0.1098 0.12157
v -0.016799999 -0.064199999 -0.045199998 0.098039 0.1098 0.12157
v -0.0165 -0.064199999 -0.045199998 0.098039 0.1098 0.12157
v -0.016799999 -0.066 -0.045199998 0.098039 0.1098 0.12157
v -0.0165 -0.064199999 -0.045199998 0.098039 0.1098 0.12157
v -0.0165 -0.066 -0.045199998 0.098039 0.1098 0.12157
v -0.016799999 -0.064199999 -0.045199998 0.11765 0.13333 0.14902
v -0.016799999 -0.064199999 -0.018199997 0.11765 0.13333 0.14902
v -0.0165 -0.064199999 -0.018199997 0.11765 0.13333 0.14902
v -0.016799999 -0.064199999 -0.045199998 0.11765 0.13333 0.14902
v -0.0165 -0.064199999 -0.018199997 0.11765 0.13333 0.14902
v -0.0165 -0.064199999 -0.045199998 0.11765 0.13333 0.14902
v -0.016799999 -0.064199999 -0.018199997 0.070588 0.082353 0.090196
v -0.016799999 -0.066 -0.018199997 0.070588 0.082353 0.090196
v -0.0165 -0.066 -0.018199997 0.070588 0.082353 0.090196
v -0.016799999 -0.064199999 -0.018199997 0.070588 0.082353 0.090196
v -0.0165 -0.066 -0.018199997 0.070588 0.082353 0.090196
v -0.0165 -0.064199999 -0.018199997 0.070588 0.082353 0.090196
v -0.016799999 -0.066 -0.018199997 0.070588 0.082353 0.090196
v -0.016799999 -0.066 -0.045199998 0.070588 0.082353 0.090196
v -0.0165 -0.066 -0.045199998 0.070588 0.082353 0.090196
v -0.016799999 -0.066 -0.018199997 0.070588 0.082353 0.090196
v -0.0165 -0.066 -0.045199998 0.070588 0.082353 0.090196
v -0.0165 -0.066 -0.018199997 0.070588 0.082353 0.090196
v 0.0165 -0.066 -0.045199998 0.090196 0.10196 0.11765
v 0.0165 -0.064199999 -0.018199997 0.090196 0.10196 0.11765
v 0.0165 -0.064199999 -0.045199998 0.090196 0.10196 0.11765
v 0.016799999 -0.066 -0.045199998 0.070588 0.082353 0.090196
v 0.016799999 -0.064199999 -0.045199998 0.070588 0.082353 0.090196
v 0.016799999 -0.064199999 -0.018199997 0.070588 0.082353 0.090196
v 0.0165 -0.066 -0.045199998 0.090196 0.10196 0.11765
v 0.0165 -0.066 -0.018199997 0.090196 0.10196 0.11765
v 0.0165 -0.064199999 -0.018199997 0.090196 0.10196 0.11765
v 0.016799999 -0.066 -0.045199998 0.070588 0.082353 0.090196
v 0.016799999 -0.064199999 -0.018199997 0.070588 0.082353 0.090196
v 0.016799999 -0.066 -0.018199997 0.070588 0.082353 0.090196
v 0.0165 -0.066 -0.045199998 0.098039 0.1098 0.12157
v 0.0165 -0.064199999 -0.045199998 0.098039 0.1098 0.12157
v 0.016799999 -0.064199999 -0.045199998 0.098039 0.1098 0.12157
v 0.0165 -0.066 -0.045199998 0.098039 0.1098 0.12157
v 0.016799999 -0.064199999 -0.045199998 0.098039 0.1098 0.12157
v 0.016799999 -0.066 -0.045199998 0.098039 0.1098 0.12157
v 0.0165 -0.064199999 -0.045199998 0.11765 0.13333 0.14902
v 0.0165 -0.064199999 -0.018199997 0.11765 0.13333 0.14902
v 0.016799999 -0.064199999 -0.018199997 0.11765 0.13333 0.14902
v 0.0165 -0.064199999 -0.045199998 0.11765 0.13333 0.14902
v 0.016799999 -0.064199999 -0.018199997 0.11765 0.13333 0.14902
v 0.016799999 -0.064199999 -0.045199998 0.11765 0.13333 0.14902
v 0.0165 -0.064199999 -0.018199997 0.070588 0.082353 0.090196
v 0.0165 -0.066 -0.018199997 0.070588 0.082353 0.090196
v 0.016799999 -0.066 -0.018199997 0.070588 0.082353 0.090196
v 0.0165 -0.064199999 -0.018199997 0.070588 0.082353 0.090196
v 0.016799999 -0.066 -0.018199997 0.070588 0.082353 0.090196
v 0.016799999 -0.064199999 -0.018199997 0.070588 0.082353 0.090196
v 0.0165 -0.066 -0.018199997 0.070588 0.082353 0.090196
v 0.0165 -0.066 -0.045199998 0.070588 0.082353 0.090196
v 0.016799999 -0.066 -0.045199998 0.070588 0.082353 0.090196
v 0.0165 -0.066 -0.018199997 0.070588 0.082353 0.090196
v 0.016799999 -0.066 -0.045199998 0.070588 0.082353 0.090196
v 0.016799999 -0.066 -0.018199997 0.070588 0.082353 0.090196
v -0.016799999 -0.071999997 -0.046999998 0.090196 0.10196 0.11765
v -0.016799999 -0.070199996 -0.019999998 0.090196 0.10196 0.11765
v -0.016799999 -0.070199996 -0.046999998 0.090196 0.10196 0.11765
v -0.0165 -0.071999997 -0.046999998 0.070588 0.082353 0.090196
v -0.0165 -0.070199996 -0.046999998 0.070588 0.082353 0.090196
v -0.0165 -0.070199996 -0.019999998 0.070588 0.082353 0.090196
v -0.016799999 -0.071999997 -0.046999998 0.090196 0.10196 0.11765
v -0.016799999 -0.071999997 -0.019999998 0.090196 0.10196 0.11765
v -0.016799999 -0.070199996 -0.019999998 0.090196 0.10196 0.11765
v -0.0165 -0.071999997 -0.046999998 0.070588 0.082353 0.090196
v -0.0165 -0.070199996 -0.019999998 0.070588 0.082353 0.090196
v -0.0165 -0.071999997 -0.019999998 0.070588 0.082353 0.090196
v -0.016799999 -0.071999997 -0.046999998 0.098039 0.1098 0.12157
v -0.016799999 -0.070199996 -0.046999998 0.098039 0.1098 0.12157
v -0.0165 -0.070199996 -0.046999998 0.098039 0.1098 0.12157
v -0.016799999 -0.071999997 -0.046999998 0.098039 0.1098 0.12157
v -0.0165 -0.070199996 -0.046999998 0.098039 0.1098 0.12157
v -0.0165 -0.071999997 -0.046999998 0.098039 0.1098 0.12157
v -0.016799999 -0.070199996 -0.046999998 0.11765 0.13333 0.14902
v -0.016799999 -0.070199996 -0.019999998 0.11765 0.13333 0.14902
v -0.0165 -0.070199996 -0.019999998 0.11765 0.13333 0.14902
v -0.016799999 -0.070199996 -0.046999998 0.11765 0.13333 0.14902
v -0.0165 -0.070199996 -0.019999998 0.11765 0.13333 0.14902
v -0.0165 -0.070199996 -0.046999998 0.11765 0.13333 0.14902
v -0.016799999 -0.070199996 -0.019999998 0.070588 0.082353 0.090196
v -0.016799999 -0.071999997 -0.019999998 0.070588 0.082353 0.090196
v -0.0165 -0.071999997 -0.019999998 0.070588 0.082353 0.090196
v -0.016799999 -0.070199996 -0.019999998 0.070588 0.082353 0.090196
v -0.0165 -0.071999997 -0.019999998 0.070588 0.082353 0.090196
v -0.0165 -0.070199996 -0.019999998 0.070588 0.082353 0.090196
v -0.016799999 -0.071999997 -0.019999998 0.070588 0.082353 0.090196
v -0.016799999 -0.071999997 -0.046999998 0.070588 0.082353 0.090196
v -0.0165 -0.071999997 -0.046999998 0.070588 0.082353 0.090196
v -0.016799999 -0.071999997 -0.019999998 0.070588 0.082353 0.090196
v -0.0165 -0.071999997 -0.046999998 0.070588 0.082353 0.090196
v -0.0165 -0.071999997 -0.019999998 0.070588 0.082353 0.090196
v 0.0165 -0.071999997 -0.046999998 0.090196 0.10196 0.11765
v 0.0165 -0.070199996 -0.019999998 0.090196 0.10196 0.11765
v 0.0165 -0.070199996 -0.046999998 0.090196 0.10196 0.11765
v 0.016799999 -0.071999997 -0.046999998 0.070588 0.082353 0.090196
v 0.016799999 -0.070199996 -0.046999998 0.070588 0.082353 0.090196
v 0.016799999 -0.070199996 -0.019999998 0.070588 0.082353 0.090196
v 0.0165 -0.071999997 -0.046999998 0.090196 0.10196 0.11765
v 0.0165 -0.071999997 -0.019999998 0.090196 0.10196 0.11765
v 0.0165 -0.070199996 -0.019999998 0.090196 0.10196 0.11765
v 0.016799999 -0.071999997 -0.046999998 0.070588 0.082353 0.090196
v 0.016799999 -0.070199996 -0.019999998 0.070588 0.082353 0.090196
v 0.016799999 -0.071999997 -0.019999998 0.070588 0.082353 0.090196
v 0.0165 -0.071999997 -0.046999998 0.098039 0.1098 0.12157
v 0.0165 -0.070199996 -0.046999998 0.098039 0.1098 0.12157
v 0.016799999 -0.070199996 -0.046999998 0.098039 0.1098 0.12157
v 0.0165 -0.071999997 -0.046999998 0.098039 0.1098 0.12157
v 0.016799999 -0.070199996 -0.046999998 0.098039 0.1098 0.12157
v 0.016799999 -0.071999997 -0.046999998 0.098039 0.1098 0.12157
v 0.0165 -0.070199996 -0.046999998 0.11765 0.13333 0.14902
v 0.0165 -0.070199996 -0.019999998 0.11765 0.13333 0.14902
v 0.016799999 -0.070199996 -0.019999998 0.11765 0.13333 0.14902
v 0.0165 -0.070199996 -0.046999998 0.11765 0.13333 0.14902
v 0.016799999 -0.070199996 -0.019999998 0.11765 0.13333 0.14902
v 0.016799999 -0.070199996 -0.046999998 0.11765 0.13333 0.14902
v 0.0165 -0.070199996 -0.019999998 0.070588 0.082353 0.090196
v 0.0165 -0.071999997 -0.019999998 0.070588 0.082353 0.090196
v 0.016799999 -0.071999997 -0.019999998 0.070588 0.082353 0.090196
v 0.0165 -0.070199996 -0.019999998 0.070588 0.082353 0.090196
v 0.016799999 -0.071999997 -0.019999998 0.070588 0.082353 0.090196
v 0.016799999 -0.070199996 -0.019999998 0.070588 0.082353 0.090196
v 0.0165 -0.071999997 -0.019999998 0.070588 0.082353 0.090196
v 0.0165 -0.071999997 -0.046999998 0.070588 0.082353 0.090196
v 0.016799999 -0.071999997 -0.046999998 0.070588 0.082353 0.090196
v 0.0165 -0.071999997 -0.019999998 0.070588 0.082353 0.090196
v 0.016799999 -0.071999997 -0.046999998 0.070588 0.082353 0.090196
v 0.016799999 -0.071999997 -0.019999998 0.070588 0.082353 0.090196
v -0.016799999 -0.077999994 -0.048799999 0.090196 0.10196 0.11765
v -0.016799999 -0.076199993 -0.021799998 0.090196 0.10196 0.11765
v -0.016799999 -0.076199993 -0.048799999 0.090196 0.10196 0.11765
v -0.0165 -0.077999994 -0.048799999 0.070588 0.082353 0.090196
v -0.0165 -0.076199993 -0.048799999 0.070588 0.082353 0.090196
v -0.0165 -0.076199993 -0.021799998 0.070588 0.082353 0.090196
v -0.016799999 -0.077999994 -0.048799999 0.090196 0.10196 0.11765
v -0.016799999 -0.077999994 -0.021799998 0.090196 0.10196 0.11765
v -0.016799999 -0.076199993 -0.021799998 0.090196 0.10196 0.11765
v -0.0165 -0.077999994 -0.048799999 0.070588 0.082353 0.090196
v -0.0165 -0.076199993 -0.021799998 0.070588 0.082353 0.090196
v -0.0165 -0.077999994 -0.021799998 0.070588 0.082353 0.090196
v -0.016799999 -0.077999994 -0.048799999 0.098039 0.1098 0.12157
v -0.016799999 -0.076199993 -0.048799999 0.098039 0.1098 0.12157
v -0.0165 -0.076199993 -0.048799999 0.098039 0.1098 0.12157
v -0.016799999 -0.077999994 -0.048799999 0.098039 0.1098 0.12157
v -0.0165 -0.076199993 -0.048799999 0.098039 0.1098 0.12157
v -0.0165 -0.077999994 -0.048799999 0.098039 0.1098 0.12157
v -0.016799999 -0.076199993 -0.048799999 0.11765 0.13333 0.14902
v -0.016799999 -0.076199993 -0.021799998 0.11765 0.13333 0.14902
v -0.0165 -0.076199993 -0.021799998 0.11765 0.13333 0.14902
v -0.016799999 -0.076199993 -0.048799999 0.11765 0.13333 0.14902
v -0.0165 -0.076199993 -0.021799998 0.11765 0.13333 0.14902
v -0.0165 -0.076199993 -0.048799999 0.11765 0.13333 0.14902
v -0.016799999 -0.076199993 -0.021799998 0.070588 0.082353 0.090196
v -0.016799999 -0.077999994 -0.021799998 0.070588 0.082353 0.090196
v -0.0165 -0.077999994 -0.021799998 0.070588 0.082353 0.090196
v -0.016799999 -0.076199993 -0.021799998 0.070588 0.082353 0.090196
v -0.0165 -0.077999994 -0.021799998 0.070588 0.082353 0.090196
v -0.0165 -0.076199993 -0.021799998 0.070588 0.082353 0.090196
v -0.016799999 -0.077999994 -0.021799998 0.070588 0.082353 0.090196
v -0.016799999 -0.077999994 -0.048799999 0.070588 0.082353 0.090196
v -0.0165 -0.077999994 -0.048799999 0.070588 0.082353 0.090196
v -0.016799999 -0.077999994 -0.021799998 0.070588 0.082353 0.090196
v -0.0165 -0.077999994 -0.048799999 0.070588 0.082353 0.090196
v -0.0165 -0.077999994 -0.021799998 0.070588 0.082353 0.090196
v 0.0165 -0.077999994 -0.048799999 0.090196 0.10196 0.11765
v 0.0165 -0.076199993 -0.021799998 0.090196 0.10196 0.11765
v 0.0165 -0.076199993 -0.048799999 0.090196 0.10196 0.11765
v 0.016799999 -0.077999994 -0.048799999 0.070588 0.082353 0.090196
v 0.016799999 -0.076199993 -0.048799999 0.070588 0.082353 0.090196
v 0.016799999 -0.076199993 -0.021799998 0.070588 0.082353 0.090196
v 0.0165 -0.077999994 -0.048799999 0.090196 0.10196 0.11765
v 0.0165 -0.077999994 -0.021799998 0.090196 0.10196 0.11765
v 0.0165 -0.076199993 -0.021799998 0.090196 0.10196 0.11765
v 0.016799999 -0.077999994 -0.048799999 0.070588 0.082353 0.090196
v 0.016799999 -0.076199993 -0.021799998 0.070588 0.082353 0.090196
v 0.016799999 -0.077999994 -0.021799998 0.070588 0.082353 0.090196
v 0.0165 -0.077999994 -0.048799999 0.098039 0.1098 0.12157
v 0.0165 -0.076199993 -0.048799999 0.098039 0.1098 0.12157
v 0.016799999 -0.076199993 -0.048799999 0.098039 0.1098 0.12157
v 0.0165 -0.077999994 -0.048799999 0.098039 0.1098 0.12157
v 0.016799999 -0.076199993 -0.048799999 0.098039 0.1098 0.12157
v 0.016799999 -0.077999994 -0.048799999 0.098039 0.1098 0.12157
v 0.0165 -0.076199993 -0.048799999 0.11765 0.13333 0.14902
v 0.0165 -0.076199993 -0.021799998 0.11765 0.13333 0.14902
v 0.016799999 -0.076199993 -0.021799998 0.11765 0.13333 0.14902
v 0.0165 -0.076199993 -0.048799999 0.11765 0.13333 0.14902
v 0.016799999 -0.076199993 -0.021799998 0.11765 0.13333 0.14902
v 0.016799999 -0.076199993 -0.048799999 0.11765 0.13333 0.14902
v 0.0165 -0.076199993 -0.021799998 0.070588 0.082353 0.090196
v 0.0165 -0.077999994 -0.021799998 0.070588 0.082353 0.090196
v 0.016799999 -0.077999994 -0.021799998 0.070588 0.082353 0.090196
v 0.0165 -0.076199993 -0.021799998 0.070588 0.082353 0.090196
v 0.016799999 -0.077999994 -0.021799998 0.070588 0.082353 0.090196
v 0.016799999 -0.076199993 -0.021799998 0.070588 0.082353 0.090196
v 0.0165 -0.077999994 -0.021799998 0.070588 0.082353 0.090196
v 0.0165 -0.077999994 -0.048799999 0.070588 0.082353 0.090196
v 0.016799999 -0.077999994 -0.048799999 0.070588 0.082353 0.090196
v 0.0165 -0.077999994 -0.021799998 0.070588 0.082353 0.090196
v 0.016799999 -0.077999994 -0.048799999 0.070588 0.082353 0.090196
v 0.016799999 -0.077999994 -0.021799998 0.070588 0.082353 0.090196
v -0.016799999 -0.083999999 -0.0506 0.090196 0.10196 0.11765
v -0.016799999 -0.082199998 -0.023599999 0.090196 0.10196 0.11765
v -0.016799999 -0.082199998 -0.0506 0.090196 0.10196 0.11765
v -0.0165 -0.083999999 -0.0506 0.070588 0.082353 0.090196
v -0.0165 -0.082199998 -0.0506 0.070588 0.082353 0.090196
v -0.0165 -0.082199998 -0.023599999 0.070588 0.082353 0.090196
v -0.016799999 -0.083999999 -0.0506 0.090196 0.10196 0.11765
v -0.016799999 -0.083999999 -0.023599999 0.090196 0.10196 0.11765
v -0.016799999 -0.082199998 -0.023599999 0.090196 0.10196 0.11765
v -0.0165 -0.083999999 -0.0506 0.070588 0.082353 0.090196
v -0.0165 -0.082199998 -0.023599999 0.070588 0.082353 0.090196
v -0.0165 -0.083999999 -0.023599999 0.070588 0.082353 0.090196
v -0.016799999 -0.083999999 -0.0506 0.098039 0.1098 0.12157
v -0.016799999 -0.082199998 -0.0506 0.098039 0.1098 0.12157
v -0.0165 -0.082199998 -0.0506 0.098039 0.1098 0.12157
v -0.016799999 -0.083999999 -0.0506 0.098039 0.1098 0.12157
v -0.0165 -0.082199998 -0.0506 0.098039 0.1098 0.12157
v -0.0165 -0.083999999 -0.0506 0.098039 0.1098 0.12157
v -0.016799999 -0.082199998 -0.0506 0.11765 0.13333 0.14902
v -0.016799999 -0.082199998 -0.023599999 0.11765 0.13333 0.14902
v -0.0165 -0.082199998 -0.023599999 0.11765 0.13333 0.14902
v -0.016799999 -0.082199998 -0.0506 0.11765 0.13333 0.14902
v -0.0165 -0.082199998 -0.023599999 0.11765 0.13333 0.14902
v -0.0165 -0.082199998 -0.0506 0.11765 0.13333 0.14902
v -0.016799999 -0.082199998 -0.023599999 0.070588 0.082353 0.090196
v -0.016799999 -0.083999999 -0.023599999 0.070588 0.082353 0.090196
v -0.0165 -0.083999999 -0.023599999 0.070588 0.082353 0.090196
v -0.016799999 -0.082199998 -0.023599999 0.070588 0.082353 0.090196
v -0.0165 -0.083999999 -0.023599999 0.070588 0.082353 0.090196
v -0.0165 -0.082199998 -0.023599999 0.070588 0.082353 0.090196
v -0.016799999 -0.083999999 -0.023599999 0.070588 0.082353 0.090196
v -0.016799999 -0.083999999 -0.0506 0.070588 0.082353 0.090196
v -0.0165 -0.083999999 -0.0506 0.070588 0.082353 0.090196
v -0.016799999 -0.083999999 -0.023599999 0.070588 0.082353 0.090196
v -0.0165 -0.083999999 -0.0506 0.070588 0.082353 0.090196
v -0.0165 -0.083999999 -0.023599999 0.070588 0.082353 0.090196
v 0.0165 -0.083999999 -0.0506 0.090196 0.10196 0.11765
v 0.0165 -0.082199998 -0.023599999 0.090196 0.10196 0.11765
v 0.0165 -0.082199998 -0.0506 0.090196 0.10196 0.11765
v 0.016799999 -0.083999999 -0.0506 0.070588 0.082353 0.090196
v 0.016799999 -0.082199998 -0.0506 0.070588 0.082353 0.090196
v 0.016799999 -0.082199998 -0.023599999 0.070588 0.082353 0.090196
v 0.0165 -0.083999999 -0.0506 0.090196 0.10196 0.11765
v 0.0165 -0.083999999 -0.023599999 0.090196 0.10196 0.11765
v 0.0165 -0.082199998 -0.023599999 0.090196 0.10196 0.11765
v 0.016799999 -0.083999999 -0.0506 0.070588 0.082353 0.090196
v 0.016799999 -0.082199998 -0.023599999 0.070588 0.082353 0.090196
v 0.016799999 -0.083999999 -0.023599999 0.070588 0.082353 0.090196
v 0.0165 -0.083999999 -0.0506 0.098039 0.1098 0.12157
v 0.0165 -0.082199998 -0.0506 0.098039 0.1098 0.12157
v 0.016799999 -0.082199998 -0.0506 0.098039 0.1098 0.12157
v 0.0165 -0.083999999 -0.0506 0.098039 0.1098 0.12157
v 0.016799999 -0.082199998 -0.0506 0.098039 0.1098 0.12157
v 0.016799999 -0.083999999 -0.0506 0.098039 0.1098 0.12157
v 0.0165 -0.082199998 -0.0506 0.11765 0.13333 0.14902
v 0.0165 -0.082199998 -0.023599999 0.11765 0.13333 0.14902
v 0.016799999 -0.082199998 -0.023599999 0.11765 0.13333 0.14902
v 0.0165 -0.082199998 -0.0506 0.11765 0.13333 0.14902
v 0.016799999 -0.082199998 -0.023599999 0.11765 0.13333 0.14902
v 0.016799999 -0.082199998 -0.0506 0.11765 0.13333 0.14902
v 0.0165 -0.082199998 -0.023599999 0.070588 0.082353 0.090196
v 0.0165 -0.083999999 -0.023599999 0.070588 0.082353 0.090196
v 0.016799999 -0.083999999 -0.023599999 0.070588 0.082353 0.090196
v 0.0165 -0.082199998 -0.023599999 0.070588 0.082353 0.090196
v 0.016799999 -0.083999999 -0.023599999 0.070588 0.082353 0.090196
v 0.016799999 -0.082199998 -0.023599999 0.070588 0.082353 0.090196
v 0.0165 -0.083999999 -0.023599999 0.070588 0.082353 0.090196
v 0.0165 -0.083999999 -0.0506 0.070588 0.082353 0.090196
v 0.016799999 -0.083999999 -0.0506 0.070588 0.082353 0.090196
v 0.0165 -0.083999999 -0.023599999 0.070588 0.082353 0.090196
v 0.016799999 -0.083999999 -0.0506 0.070588 0.082353 0.090196
v 0.016799999 -0.083999999 -0.023599999 0.070588 0.082353 0.090196
v -0.0070000002 0.0221 0.035 0.098039 0.11765 0.13333
v -0.0070000002 0.022399999 0.064000003 0.098039 0.11765 0.13333
v -0.0070000002 0.022399999 0.035 0.098039 0.11765 0.13333
v 0.0099999998 0.0221 0.035 0.078431 0.090196 0.10588
v 0.0099999998 0.022399999 0.035 0.078431 0.090196 0.10588
v 0.0099999998 0.022399999 0.064000003 0.078431 0.090196 0.10588
v -0.0070000002 0.0221 0.035 0.098039 0.11765 0.13333
v -0.0070000002 0.0221 0.064000003 0.098039 0.11765 0.13333
v -0.0070000002 0.022399999 0.064000003 0.098039 0.11765 0.13333
v 0.0099999998 0.0221 0.035 0.078431 0.090196 0.10588
v 0.0099999998 0.022399999 0.064000003 0.078431 0.090196 0.10588
v 0.0099999998 0.0221 0.064000003 0.078431 0.090196 0.10588
v -0.0070000002 0.0221 0.035 0.10588 0.12157 0.14118
v -0.0070000002 0.022399999 0.035 0.10588 0.12157 0.14118
v 0.0099999998 0.022399999 0.035 0.10588 0.12157 0.14118
v -0.0070000002 0.0221 0.035 0.10588 0.12157 0.14118
v 0.0099999998 0.022399999 0.035 0.10588 0.12157 0.14118
v 0.0099999998 0.0221 0.035 0.10588 0.12157 0.14118
v -0.0070000002 0.022399999 0.035 0.12941 0.14902 0.17255
v -0.0070000002 0.022399999 0.064000003 0.12941 0.14902 0.17255
v 0.0099999998 0.022399999 0.064000003 0.12941 0.14902 0.17255
v -0.0070000002 0.022399999 0.035 0.12941 0.14902 0.17255
v 0.0099999998 0.022399999 0.064000003 0.12941 0.14902 0.17255
v 0.0099999998 0.022399999 0.035 0.12941 0.14902 0.17255
v -0.0070000002 0.022399999 0.064000003 0.078431 0.090196 0.10588
v -0.0070000002 0.0221 0.064000003 0.078431 0.090196 0.10588
v 0.0099999998 0.0221 0.064000003 0.078431 0.090196 0.10588
v -0.0070000002 0.022399999 0.064000003 0.078431 0.090196 0.10588
v 0.0099999998 0.0221 0.064000003 0.078431 0.090196 0.10588
v 0.0099999998 0.022399999 0.064000003 0.078431 0.090196 0.10588
v -0.0070000002 0.0221 0.064000003 0.078431 0.090196 0.10588
v -0.0070000002 0.0221 0.035 0.078431 0.090196 0.10588
v 0.0099999998 0.0221 0.035 0.078431 0.090196 0.10588
v -0.0070000002 0.0221 0.064000003 0.078431 0.090196 0.10588
v 0.0099999998 0.0221 0.035 0.078431 0.090196 0.10588
v 0.0099999998 0.0221 0.064000003 0.078431 0.090196 0.10588
v -0.014 0.014 0.035999998 0.33725 0.36863 0.39216
v -0.014 0.02 0.064000003 0.33725 0.36863 0.39216
v -0.014 0.02 0.035999998 0.33725 0.36863 0.39216
v -0.012 0.014 0.035999998 0.26667 0.2902 0.3098
v -0.012 0.02 0.035999998 0.26667 0.2902 0.3098
v -0.012 0.02 0.064000003 0.26667 0.2902 0.3098
v -0.014 0.014 0.035999998 0.33725 0.36863 0.39216
v -0.014 0.014 0.064000003 0.33725 0.36863 0.39216
v -0.014 0.02 0.064000003 0.33725 0.36863 0.39216
v -0.012 0.014 0.035999998 0.26667 0.2902 0.3098
v -0.012 0.02 0.064000003 0.26667 0.2902 0.3098
v -0.012 0.014 0.064000003 0.26667 0.2902 0.3098
v -0.014 0.014 0.035999998 0.36078 0.38824 0.41569
v -0.014 0.02 0.035999998 0.36078 0.38824 0.41569
v -0.012 0.02 0.035999998 0.36078 0.38824 0.41569
v -0.014 0.014 0.035999998 0.36078 0.38824 0.41569
v -0.012 0.02 0.035999998 0.36078 0.38824 0.41569
v -0.012 0.014 0.035999998 0.36078 0.38824 0.41569
v -0.014 0.02 0.035999998 0.43529 0.47059 0.50588
v -0.014 0.02 0.064000003 0.43529 0.47059 0.50588
v -0.012 0.02 0.064000003 0.43529 0.47059 0.50588
v -0.014 0.02 0.035999998 0.43529 0.47059 0.50588
v -0.012 0.02 0.064000003 0.43529 0.47059 0.50588
v -0.012 0.02 0.035999998 0.43529 0.47059 0.50588
v -0.014 0.02 0.064000003 0.26667 0.2902 0.3098
v -0.014 0.014 0.064000003 0.26667 0.2902 0.3098
v -0.012 0.014 0.064000003 0.26667 0.2902 0.3098
v -0.014 0.02 0.064000003 0.26667 0.2902 0.3098
v -0.012 0.014 0.064000003 0.26667 0.2902 0.3098
v -0.012 0.02 0.064000003 0.26667 0.2902 0.3098
v -0.014 0.014 0.064000003 0.26667 0.2902 0.3098
v -0.014 0.014 0.035999998 0.26667 0.2902 0.3098
v -0.012 0.014 0.035999998 0.26667 0.2902 0.3098
v -0.014 0.014 0.064000003 0.26667 0.2902 0.3098
v -0.012 0.014 0.035999998 0.26667 0.2902 0.3098
v -0.012 0.014 0.064000003 0.26667 0.2902 0.3098
v -0.021 -0.012 -0.029999999 0.39608 0.41961 0.44314
v -0.021 -0.0070000002 -0.0099999998 0.39608 0.41961 0.44314
v -0.021 -0.0070000002 -0.029999999 0.39608 0.41961 0.44314
v -0.020300001 -0.012 -0.029999999 0.31373 0.33333 0.34902
v -0.020300001 -0.0070000002 -0.029999999 0.31373 0.33333 0.34902
v -0.020300001 -0.0070000002 -0.0099999998 0.31373 0.33333 0.34902
v -0.021 -0.012 -0.029999999 0.39608 0.41961 0.44314
v -0.021 -0.012 -0.0099999998 0.39608 0.41961 0.44314
v -0.021 -0.0070000002 -0.0099999998 0.39608 0.41961 0.44314
v -0.020300001 -0.012 -0.029999999 0.31373 0.33333 0.34902
v -0.020300001 -0.0070000002 -0.0099999998 0.31373 0.33333 0.34902
v -0.020300001 -0.012 -0.0099999998 0.31373 0.33333 0.34902
v -0.021 -0.012 -0.029999999 0.41961 0.44706 0.47059
v -0.021 -0.0070000002 -0.029999999 0.41961 0.44706 0.47059
v -0.020300001 -0.0070000002 -0.029999999 0.41961 0.44706 0.47059
v -0.021 -0.012 -0.029999999 0.41961 0.44706 0.47059
v -0.020300001 -0.0070000002 -0.029999999 0.41961 0.44706 0.47059
v -0.020300001 -0.012 -0.029999999 0.41961 0.44706 0.47059
v -0.021 -0.0070000002 -0.029999999 0.50588 0.54118 0.56863
v -0.021 -0.0070000002 -0.0099999998 0.50588 0.54118 0.56863
v -0.020300001 -0.0070000002 -0.0099999998 0.50588 0.54118 0.56863
v -0.021 -0.0070000002 -0.029999999 0.50588 0.54118 0.56863
v -0.020300001 -0.0070000002 -0.0099999998 0.50588 0.54118 0.56863
v -0.020300001 -0.0070000002 -0.029999999 0.50588 0.54118 0.56863
v -0.021 -0.0070000002 -0.0099999998 0.31373 0.33333 0.34902
v -0.021 -0.012 -0.0099999998 0.31373 0.33333 0.34902
v -0.020300001 -0.012 -0.0099999998 0.31373 0.33333 0.34902
v -0.021 -0.0070000002 -0.0099999998 0.31373 0.33333 0.34902
v -0.020300001 -0.012 -0.0099999998 0.31373 0.33333 0.34902
v -0.020300001 -0.0070000002 -0.0099999998 0.31373 0.33333 0.34902
v -0.021 -0.012 -0.0099999998 0.31373 0.33333 0.34902
v -0.021 -0.012 -0.029999999 0.31373 0.33333 0.34902
v -0.020300001 -0.012 -0.029999999 0.31373 0.33333 0.34902
v -0.021 -0.012 -0.0099999998 0.31373 0.33333 0.34902
v -0.020300001 -0.012 -0.029999999 0.31373 0.33333 0.34902
v -0.020300001 -0.012 -0.0099999998 0.31373 0.33333 0.34902
v -0.0060000001 0 -0.044 0.23922 0.26275 0.28627
v -0.0060000001 0.014 -0.050999999 0.23922 0.26275 0.28627
v -0.0060000001 0.0089999996 -0.054000001 0.23922 0.26275 0.28627
v 0.0060000001 0 -0.044 0.18824 0.20784 0.22745
v 0.0060000001 0.0089999996 -0.054000001 0.18824 0.20784 0.22745
v 0.0060000001 0.014 -0.050999999 0.18824 0.20784 0.22745
v -0.0060000001 0 -0.044 0.23922 0.26275 0.28627
v -0.0060000001 0.012 -0.045000002 0.23922 0.26275 0.28627
v -0.0060000001 0.014 -0.050999999 0.23922 0.26275 0.28627
v 0.0060000001 0 -0.044 0.18824 0.20784 0.22745
v 0.0060000001 0.014 -0.050999999 0.18824 0.20784 0.22745
v 0.0060000001 0.012 -0.045000002 0.18824 0.20784 0.22745
v -0.0060000001 0 -0.044 0.23922 0.26275 0.28627
v -0.0060000001 0.0040000002 -0.039999999 0.23922 0.26275 0.28627
v -0.0060000001 0.012 -0.045000002 0.23922 0.26275 0.28627
v 0.0060000001 0 -0.044 0.18824 0.20784 0.22745
v 0.0060000001 0.012 -0.045000002 0.18824 0.20784 0.22745
v 0.0060000001 0.0040000002 -0.039999999 0.18824 0.20784 0.22745
v -0.0060000001 0 -0.044 0.18824 0.20784 0.22745
v -0.0060000001 0.0089999996 -0.054000001 0.18824 0.20784 0.22745
v 0.0060000001 0.0089999996 -0.054000001 0.18824 0.20784 0.22745
v -0.0060000001 0 -0.044 0.18824 0.20784 0.22745
v 0.0060000001 0.0089999996 -0.054000001 0.18824 0.20784 0.22745
v 0.0060000001 0 -0.044 0.18824 0.20784 0.22745
v -0.0060000001 0.0089999996 -0.054000001 0.30196 0.33333 0.36863
v -0.0060000001 0.014 -0.050999999 0.30196 0.33333 0.36863
v 0.0060000001 0.014 -0.050999999 0.30196 0.33333 0.36863
v -0.0060000001 0.0089999996 -0.054000001 0.30196 0.33333 0.36863
v 0.0060000001 0.014 -0.050999999 0.30196 0.33333 0.36863
v 0.0060000001 0.0089999996 -0.054000001 0.30196 0.33333 0.36863
v -0.0060000001 0.014 -0.050999999 0.27843 0.30588 0.33725
v -0.0060000001 0.012 -0.045000002 0.27843 0.30588 0.33725
v 0.0060000001 0.012 -0.045000002 0.27843 0.30588 0.33725
v -0.0060000001 0.014 -0.050999999 0.27843 0.30588 0.33725
v 0.0060000001 0.012 -0.045000002 0.27843 0.30588 0.33725
v 0.0060000001 0.014 -0.050999999 0.27843 0.30588 0.33725
v -0.0060000001 0.012 -0.045000002 0.19608 0.21569 0.23529
v -0.0060000001 0.0040000002 -0.039999999 0.19608 0.21569 0.23529
v 0.0060000001 0.0040000002 -0.039999999 0.19608 0.21569 0.23529
v -0.0060000001 0.012 -0.045000002 0.19608 0.21569 0.23529
v 0.0060000001 0.0040000002 -0.039999999 0.19608 0.21569 0.23529
v 0.0060000001 0.012 -0.045000002 0.19608 0.21569 0.23529
v -0.0060000001 0.0040000002 -0.039999999 0.18824 0.20784 0.22745
v -0.0060000001 0 -0.044 0.18824 0.20784 0.22745
v 0.0060000001 0 -0.044 0.18824 0.20784 0.22745
v -0.0060000001 0.0040000002 -0.039999999 0.18824 0.20784 0.22745
v 0.0060000001 0 -0.044 0.18824 0.20784 0.22745
v 0.0060000001 0.0040000002 -0.039999999 0.18824 0.20784 0.22745
v -0.013 0.022 -0.033 0.082353 0.10196 0.12157
v -0.013 0.027000001 -0.025 0.082353 0.10196 0.12157
v -0.013 0.027000001 -0.033 0.082353 0.10196 0.12157
v -0.0049999999 0.022 -0.033 0.066667 0.082353 0.098039
v -0.0049999999 0.027000001 -0.033 0.066667 0.082353 0.098039
v -0.0049999999 0.027000001 -0.025 0.066667 0.082353 0.098039
v -0.013 0.022 -0.033 0.082353 0.10196 0.12157
v -0.013 0.022 -0.025 0.082353 0.10196 0.12157
v -0.013 0.027000001 -0.025 0.082353 0.10196 0.12157
v -0.0049999999 0.022 -0.033 0.066667 0.082353 0.098039
v -0.0049999999 0.027000001 -0.025 0.066667 0.082353 0.098039
v -0.0049999999 0.022 -0.025 0.066667 0.082353 0.098039
v -0.013 0.022 -0.033 0.086275 0.1098 0.12941
v -0.013 0.027000001 -0.033 0.086275 0.1098 0.12941
v -0.0049999999 0.027000001 -0.033 0.086275 0.1098 0.12941
v -0.013 0.022 -0.033 0.086275 0.1098 0.12941
v -0.0049999999 0.027000001 -0.033 0.086275 0.1098 0.12941
v -0.0049999999 0.022 -0.033 0.086275 0.1098 0.12941
v -0.013 0.027000001 -0.033 0.10588 0.13333 0.15686
v -0.013 0.027000001 -0.025 0.10588 0.13333 0.15686
v -0.0049999999 0.027000001 -0.025 0.10588 0.13333 0.15686
v -0.013 0.027000001 -0.033 0.10588 0.13333 0.15686
v -0.0049999999 0.027000001 -0.025 0.10588 0.13333 0.15686
v -0.0049999999 0.027000001 -0.033 0.10588 0.13333 0.15686
v -0.013 0.027000001 -0.025 0.066667 0.082353 0.098039
v -0.013 0.022 -0.025 0.066667 0.082353 0.098039
v -0.0049999999 0.022 -0.025 0.066667 0.082353 0.098039
v -0.013 0.027000001 -0.025 0.066667 0.082353 0.098039
v -0.0049999999 0.022 -0.025 0.066667 0.082353 0.098039
v -0.0049999999 0.027000001 -0.025 0.066667 0.082353 0.098039
v -0.013 0.022 -0.025 0.066667 0.082353 0.098039
v -0.013 0.022 -0.033 0.066667 0.082353 0.098039
v -0.0049999999 0.022 -0.033 0.066667 0.082353 0.098039
v -0.013 0.022 -0.025 0.066667 0.082353 0.098039
v -0.0049999999 0.022 -0.033 0.066667 0.082353 0.098039
v -0.0049999999 0.022 -0.025 0.066667 0.082353 0.098039
v 0.0049999999 0.022 -0.033 0.082353 0.10196 0.12157
v 0.0049999999 0.027000001 -0.025 0.082353 0.10196 0.12157
v 0.0049999999 0.027000001 -0.033 0.082353 0.10196 0.12157
v 0.013 0.022 -0.033 0.066667 0.082353 0.098039
v 0.013 0.027000001 -0.033 0.066667 0.082353 0.098039
v 0.013 0.027000001 -0.025 0.066667 0.082353 0.098039
v 0.0049999999 0.022 -0.033 0.082353 0.10196 0.12157
v 0.0049999999 0.022 -0.025 0.082353 0.10196 0.12157
v 0.0049999999 0.027000001 -0.025 0.082353 0.10196 0.12157
v 0.013 0.022 -0.033 0.066667 0.082353 0.098039
v 0.013 0.027000001 -0.025 0.066667 0.082353 0.098039
v 0.013 0.022 -0.025 0.066667 0.082353 0.098039
v 0.0049999999 0.022 -0.033 0.086275 0.1098 0.12941
v 0.0049999999 0.027000001 -0.033 0.086275 0.1098 0.12941
v 0.013 0.027000001 -0.033 0.086275 0.1098 0.12941
v 0.0049999999 0.022 -0.033 0.086275 0.1098 0.12941
v 0.013 0.027000001 -0.033 0.086275 0.1098 0.12941
v 0.013 0.022 -0.033 0.086275 0.1098 0.12941
v 0.0049999999 0.027000001 -0.033 0.10588 0.13333 0.15686
v 0.0049999999 0.027000001 -0.025 0.10588 0.13333 0.15686
v 0.013 0.027000001 -0.025 0.10588 0.13333 0.15686
v 0.0049999999 0.027000001 -0.033 0.10588 0.13333 0.15686
v 0.013 0.027000001 -0.025 0.10588 0.13333 0.15686
v 0.013 0.027000001 -0.033 0.10588 0.13333 0.15686
v 0.0049999999 0.027000001 -0.025 0.066667 0.082353 0.098039
v 0.0049999999 0.022 -0.025 0.066667 0.082353 0.098039
v 0.013 0.022 -0.025 0.066667 0.082353 0.098039
v 0.0049999999 0.027000001 -0.025 0.066667 0.082353 0.098039
v 0.013 0.022 -0.025 0.066667 0.082353 0.098039
v 0.013 0.027000001 -0.025 0.066667 0.082353 0.098039
v 0.0049999999 0.022 -0.025 0.066667 0.082353 0.098039
v 0.0049999999 0.022 -0.033 0.066667 0.082353 0.098039
v 0.013 0.022 -0.033 0.066667 0.082353 0.098039
v 0.0049999999 0.022 -0.025 0.066667 0.082353 0.098039
v 0.013 0.022 -0.033 0.066667 0.082353 0.098039
v 0.013 0.022 -0.025 0.066667 0.082353 0.098039
v -0.011 0.023 -0.033300001 0 0.65098 0.2
v -0.011 0.0255 -0.033 0 0.65098 0.2
v -0.011 0.0255 -0.033300001 0 0.65098 0.2
v -0.0080000004 0.023 -0.033300001 0 0.51373 0.15686
v -0.0080000004 0.0255 -0.033300001 0 0.51373 0.15686
v -0.0080000004 0.0255 -0.033 0 0.51373 0.15686
v -0.011 0.023 -0.033300001 0 0.65098 0.2
v -0.011 0.023 -0.033 0 0.65098 0.2
v -0.011 0.0255 -0.033 0 0.65098 0.2
v -0.0080000004 0.023 -0.033300001 0 0.51373 0.15686
v -0.0080000004 0.0255 -0.033 0 0.51373 0.15686
v -0.0080000004 0.023 -0.033 0 0.51373 0.15686
v -0.011 0.023 -0.033300001 0 0.6902 0.21176
v -0.011 0.0255 -0.033300001 0 0.6902 0.21176
v -0.0080000004 0.0255 -0.033300001 0 0.6902 0.21176
v -0.011 0.023 -0.033300001 0 0.6902 0.21176
v -0.0080000004 0.0255 -0.033300001 0 0.6902 0.21176
v -0.0080000004 0.023 -0.033300001 0 0.6902 0.21176
v -0.011 0.0255 -0.033300001 0 0.83529 0.25882
v -0.011 0.0255 -0.033 0 0.83529 0.25882
v -0.0080000004 0.0255 -0.033 0 0.83529 0.25882
v -0.011 0.0255 -0.033300001 0 0.83529 0.25882
v -0.0080000004 0.0255 -0.033 0 0.83529 0.25882
v -0.0080000004 0.0255 -0.033300001 0 0.83529 0.25882
v -0.011 0.0255 -0.033 0 0.51373 0.15686
v -0.011 0.023 -0.033 0 0.51373 0.15686
v -0.0080000004 0.023 -0.033 0 0.51373 0.15686
v -0.011 0.0255 -0.033 0 0.51373 0.15686
v -0.0080000004 0.023 -0.033 0 0.51373 0.15686
v -0.0080000004 0.0255 -0.033 0 0.51373 0.15686
v -0.011 0.023 -0.033 0 0.51373 0.15686
v -0.011 0.023 -0.033300001 0 0.51373 0.15686
v -0.0080000004 0.023 -0.033300001 0 0.51373 0.15686
v -0.011 0.023 -0.033 0 0.51373 0.15686
v -0.0080000004 0.023 -0.033300001 0 0.51373 0.15686
v -0.0080000004 0.023 -0.033 0 0.51373 0.15686
v 0.0080000004 0.023 -0.033300001 0 0.65098 0.2
v 0.0080000004 0.0255 -0.033 0 0.65098 0.2
v 0.0080000004 0.0255 -0.033300001 0 0.65098 0.2
v 0.011 0.023 -0.033300001 0 0.51373 0.15686
v 0.011 0.0255 -0.033300001 0 0.51373 0.15686
v 0.011 0.0255 -0.033 0 0.51373 0.15686
v 0.0080000004 0.023 -0.033300001 0 0.65098 0.2
v 0.0080000004 0.023 -0.033 0 0.65098 0.2
v 0.0080000004 0.0255 -0.033 0 0.65098 0.2
v 0.011 0.023 -0.033300001 0 0.51373 0.15686
v 0.011 0.0255 -0.033 0 0.51373 0.15686
v 0.011 0.023 -0.033 0 0.51373 0.15686
v 0.0080000004 0.023 -0.033300001 0 0.6902 0.21176
v 0.0080000004 0.0255 -0.033300001 0 0.6902 0.21176
v 0.011 0.0255 -0.033300001 0 0.6902 0.21176
v 0.0080000004 0.023 -0.033300001 0 0.6902 0.21176
v 0.011 0.0255 -0.033300001 0 0.6902 0.21176
v 0.011 0.023 -0.033300001 0 0.6902 0.21176
v 0.0080000004 0.0255 -0.033300001 0 0.83529 0.25882
v 0.0080000004 0.0255 -0.033 0 0.83529 0.25882
v 0.011 0.0255 -0.033 0 0.83529 0.25882
v 0.0080000004 0.0255 -0.033300001 0 0.83529 0.25882
v 0.011 0.0255 -0.033 0 0.83529 0.25882
v 0.011 0.0255 -0.033300001 0 0.83529 0.25882
v 0.0080000004 0.0255 -0.033 0 0.51373 0.15686
v 0.0080000004 0.023 -0.033 0 0.51373 0.15686
v 0.011 0.023 -0.033 0 0.51373 0.15686
v 0.0080000004 0.0255 -0.033 0 0.51373 0.15686
v 0.011 0.023 -0.033 0 0.51373 0.15686
v 0.011 0.0255 -0.033 0 0.51373 0.15686
v 0.0080000004 0.023 -0.033 0 0.51373 0.15686
v 0.0080000004 0.023 -0.033300001 0 0.51373 0.15686
v 0.011 0.023 -0.033300001 0 0.51373 0.15686
v 0.0080000004 0.023 -0.033 0 0.51373 0.15686
v 0.011 0.023 -0.033300001 0 0.51373 0.15686
v 0.011 0.023 -0.033 0 0.51373 0.15686
v -0.003 0.017000001 0.147 0.066667 0.086275 0.1098
v -0.003 0.025 0.155 0.066667 0.086275 0.1098
v -0.003 0.025 0.147 0.066667 0.086275 0.1098
v 0.003 0.017000001 0.147 0.05098 0.070588 0.086275
v 0.003 0.025 0.147 0.05098 0.070588 0.086275
v 0.003 0.025 0.155 0.05098 0.070588 0.086275
v -0.003 0.017000001 0.147 0.066667 0.086275 0.1098
v -0.003 0.017000001 0.155 0.066667 0.086275 0.1098
v -0.003 0.025 0.155 0.066667 0.086275 0.1098
v 0.003 0.017000001 0.147 0.05098 0.070588 0.086275
v 0.003 0.025 0.155 0.05098 0.070588 0.086275
v 0.003 0.017000001 0.155 0.05098 0.070588 0.086275
v -0.003 0.017000001 0.147 0.070588 0.094118 0.11765
v -0.003 0.025 0.147 0.070588 0.094118 0.11765
v 0.003 0.025 0.147 0.070588 0.094118 0.11765
v -0.003 0.017000001 0.147 0.070588 0.094118 0.11765
v 0.003 0.025 0.147 0.070588 0.094118 0.11765
v 0.003 0.017000001 0.147 0.070588 0.094118 0.11765
v -0.003 0.025 0.147 0.086275 0.11373 0.14118
v -0.003 0.025 0.155 0.086275 0.11373 0.14118
v 0.003 0.025 0.155 0.086275 0.11373 0.14118
v -0.003 0.025 0.147 0.086275 0.11373 0.14118
v 0.003 0.025 0.155 0.086275 0.11373 0.14118
v 0.003 0.025 0.147 0.086275 0.11373 0.14118
v -0.003 0.025 0.155 0.05098 0.070588 0.086275
v -0.003 0.017000001 0.155 0.05098 0.070588 0.086275
v 0.003 0.017000001 0.155 0.05098 0.070588 0.086275
v -0.003 0.025 0.155 0.05098 0.070588 0.086275
v 0.003 0.017000001 0.155 0.05098 0.070588 0.086275
v 0.003 0.025 0.155 0.05098 0.070588 0.086275
v -0.003 0.017000001 0.155 0.05098 0.070588 0.086275
v -0.003 0.017000001 0.147 0.05098 0.070588 0.086275
v 0.003 0.017000001 0.147 0.05098 0.070588 0.086275
v -0.003 0.017000001 0.155 0.05098 0.070588 0.086275
v 0.003 0.017000001 0.147 0.05098 0.070588 0.086275
v 0.003 0.017000001 0.155 0.05098 0.070588 0.086275
v -0.0017 0.022 0.14669999 0 0.71765 0.17647
v -0.0017 0.024499999 0.147 0 0.71765 0.17647
v -0.0017 0.024499999 0.14669999 0 0.71765 0.17647
v 0.0017 0.022 0.14669999 0 0.56863 0.14118
v 0.0017 0.024499999 0.14669999 0 0.56863 0.14118
v 0.0017 0.024499999 0.147 0 0.56863 0.14118
v -0.0017 0.022 0.14669999 0 0.71765 0.17647
v -0.0017 0.022 0.147 0 0.71765 0.17647
v -0.0017 0.024499999 0.147 0 0.71765 0.17647
v 0.0017 0.022 0.14669999 0 0.56863 0.14118
v 0.0017 0.024499999 0.147 0 0.56863 0.14118
v 0.0017 0.022 0.147 0 0.56863 0.14118
v -0.0017 0.022 0.14669999 0 0.76078 0.18824
v -0.0017 0.024499999 0.14669999 0 0.76078 0.18824
v 0.0017 0.024499999 0.14669999 0 0.76078 0.18824
v -0.0017 0.022 0.14669999 0 0.76078 0.18824
v 0.0017 0.024499999 0.14669999 0 0.76078 0.18824
v 0.0017 0.022 0.14669999 0 0.76078 0.18824
v -0.0017 0.024499999 0.14669999 0 0.92157 0.22745
v -0.0017 0.024499999 0.147 0 0.92157 0.22745
v 0.0017 0.024499999 0.147 0 0.92157 0.22745
v -0.0017 0.024499999 0.14669999 0 0.92157 0.22745
v 0.0017 0.024499999 0.147 0 0.92157 0.22745
v 0.0017 0.024499999 0.14669999 0 0.92157 0.22745
v -0.0017 0.024499999 0.147 0 0.56863 0.14118
v -0.0017 0.022 0.147 0 0.56863 0.14118
v 0.0017 0.022 0.147 0 0.56863 0.14118
v -0.0017 0.024499999 0.147 0 0.56863 0.14118
v 0.0017 0.022 0.147 0 0.56863 0.14118
v 0.0017 0.024499999 0.147 0 0.56863 0.14118
v -0.0017 0.022 0.147 0 0.56863 0.14118
v -0.0017 0.022 0.14669999 0 0.56863 0.14118
v 0.0017 0.022 0.14669999 0 0.56863 0.14118
v -0.0017 0.022 0.147 0 0.56863 0.14118
v 0.0017 0.022 0.14669999 0 0.56863 0.14118
v 0.0017 0.022 0.147 0 0.56863 0.14118
f 1 2 3
f 4 5 6
f 7 8 9
f 10 11 12
f 13 14 15
f 16 17 18
f 19 20 21
f 22 23 24
f 25 26 27
f 28 29 30
f 31 32 33
f 34 35 36
f 37 38 39
f 40 41 42
f 43 44 45
f 46 47 48
f 49 50 51
f 52 53 54
f 55 56 57
f 58 59 60
f 61 62 63
f 64 65 66
f 67 68 69
f 70 71 72
f 73 74 75
f 76 77 78
f 79 80 81
f 82 83 84
f 85 86 87
f 88 89 90
f 91 92 93
f 94 95 96
f 97 98 99
f 100 101 102
f 103 104 105
f 106 107 108
f 109 110 111
f 112 113 114
f 115 116 117
f 118 119 120
f 121 122 123
f 124 125 126
f 127 128 129
f 130 131 132
f 133 134 135
f 136 137 138
f 139 140 141
f 142 143 144
f 145 146 147
f 148 149 150
f 151 152 153
f 154 155 156
f 157 158 159
f 160 161 162
f 163 164 165
f 166 167 168
f 169 170 171
f 172 173 174
f 175 176 177
f 178 179 180
f 181 182 183
f 184 185 186
f 187 188 189
f 190 191 192
f 193 194 195
f 196 197 198
f 199 200 201
f 202 203 204
f 205 206 207
f 208 209 210
f 211 212 213
f 214 215 216
f 217 218 219
f 220 221 222
f 223 224 225
f 226 227 228
f 229 230 231
f 232 233 234
f 235 236 237
f 238 239 240
f 241 242 243
f 244 245 246
f 247 248 249
f 250 251 252
f 253 254 255
f 256 257 258
f 259 260 261
f 262 263 264
f 265 266 267
f 268 269 270
f 271 272 273
f 274 275 276
f 277 278 279
f 280 281 282
f 283 284 285
f 286 287 288
f 289 290 291
f 292 293 294
f 295 296 297
f 298 299 300
f 301 302 303
f 304 305 306
f 307 308 309
f 310 311 312
f 313 314 315
f 316 317 318
f 319 320 321
f 322 323 324
f 325 326 327
f 328 329 330
f 331 332 333
f 334 335 336
f 337 338 339
f 340 341 342
f 343 344 345
f 346 347 348
f 349 350 351
f 352 353 354
f 355 356 357
f 358 359 360
f 361 362 363
f 364 365 366
f 367 368 369
f 370 371 372
f 373 374 375
f 376 377 378
f 379 380 381
f 382 383 384
f 385 386 387
f 388 389 390
f 391 392 393
f 394 395 396
f 397 398 399
f 400 401 402
f 403 404 405
f 406 407 408
f 409 410 411
f 412 413 414
f 415 416 417
f 418 419 420
f 421 422 423
f 424 425 426
f 427 428 429
f 430 431 432
f 433 434 435
f 436 437 438
f 439 440 441
f 442 443 444
f 445 446 447
f 448 449 450
f 451 452 453
f 454 455 456
f 457 458 459
f 460 461 462
f 463 464 465
f 466 467 468
f 469 470 471
f 472 473 474
f 475 476 477
f 478 479 480
f 481 482 483
f 484 485 486
f 487 488 489
f 490 491 492
f 493 494 495
f 496 497 498
f 499 500 501
f 502 503 504
f 505 506 507
f 508 509 510
f 511 512 513
f 514 515 516
f 517 518 519
f 520 521 522
f 523 524 525
f 526 527 528
f 529 530 531
f 532 533 534
f 535 536 537
f 538 539 540
f 541 542 543
f 544 545 546
f 547 548 549
f 550 551 552
f 553 554 555
f 556 557 558
f 559 560 561
f 562 563 564
f 565 566 567
f 568 569 570
f 571 572 573
f 574 575 576
f 577 578 579
f 580 581 582
f 583 584 585
f 586 587 588
f 589 590 591
f 592 593 594
f 595 596 597
f 598 599 600
f 601 602 603
f 604 605 606
f 607 608 609
f 610 611 612
f 613 614 615
f 616 617 618
f 619 620 621
f 622 623 624
f 625 626 627
f 628 629 630
f 631 632 633
f 634 635 636
f 637 638 639
f 640 641 642
f 643 644 645
f 646 647 648
f 649 650 651
f 652 653 654
f 655 656 657
f 658 659 660
f 661 662 663
f 664 665 666
f 667 668 669
f 670 671 672
f 673 674 675
f 676 677 678
f 679 680 681
f 682 683 684
f 685 686 687
f 688 689 690
f 691 692 693
f 694 695 696
f 697 698 699
f 700 701 702
f 703 704 705
f 706 707 708
f 709 710 711
f 712 713 714
f 715 716 717
f 718 719 720
f 721 722 723
f 724 725 726
f 727 728 729
f 730 731 732
f 733 734 735
f 736 737 738
f 739 740 741
f 742 743 744
f 745 746 747
f 748 749 750
f 751 752 753
f 754 755 756
f 757 758 759
f 760 761 762
f 763 764 765
f 766 767 768
f 769 770 771
f 772 773 774
f 775 776 777
f 778 779 780
f 781 782 783
f 784 785 786
f 787 788 789
f 790 791 792
f 793 794 795
f 796 797 798
f 799 800 801
f 802 803 804
f 805 806 807
f 808 809 810
f 811 812 813
f 814 815 816
f 817 818 819
f 820 821 822
f 823 824 825
f 826 827 828
f 829 830 831
f 832 833 834
f 835 836 837
f 838 839 840
f 841 842 843
f 844 845 846
f 847 848 849
f 850 851 852
f 853 854 855
f 856 857 858
f 859 860 861
f 862 863 864
f 865 866 867
f 868 869 870
f 871 872 873
f 874 875 876
f 877 878 879
f 880 881 882
f 883 884 885
f 886 887 888
f 889 890 891
f 892 893 894
f 895 896 897
f 898 899 900
f 901 902 903
f 904 905 906
f 907 908 909
f 910 911 912
f 913 914 915
f 916 917 918
f 919 920 921
f 922 923 924
f 925 926 927
f 928 929 930
f 931 932 933
f 934 935 936
f 937 938 939
f 940 941 942
f 943 944 945
f 946 947 948
f 949 950 951
f 952 953 954
f 955 956 957
f 958 959 960
f 961 962 963
f 964 965 966
f 967 968 969
f 970 971 972
f 973 974 975
f 976 977 978
f 979 980 981
f 982 983 984
f 985 986 987
f 988 989 990
f 991 992 993
f 994 995 996
f 997 998 999
f 1000 1001 1002
f 1003 1004 1005
f 1006 1007 1008
f 1009 1010 1011
f 1012 1013 1014
f 1015 1016 1017
f 1018 1019 1020
f 1021 1022 1023
f 1024 1025 1026
f 1027 1028 1029
f 1030 1031 1032
f 1033 1034 1035
f 1036 1037 1038
f 1039 1040 1041
f 1042 1043 1044
f 1045 1046 1047
f 1048 1049 1050
f 1051 1052 1053
f 1054 1055 1056
f 1057 1058 1059
f 1060 1061 1062
f 1063 1064 1065
f 1066 1067 1068
f 1069 1070 1071
f 1072 1073 1074
f 1075 1076 1077
f 1078 1079 1080
f 1081 1082 1083
f 1084 1085 1086
f 1087 1088 1089
f 1090 1091 1092
f 1093 1094 1095
f 1096 1097 1098
f 1099 1100 1101
f 1102 1103 1104
f 1105 1106 1107
f 1108 1109 1110
f 1111 1112 1113
f 1114 1115 1116
f 1117 1118 1119
f 1120 1121 1122
f 1123 1124 1125
f 1126 1127 1128
f 1129 1130 1131
f 1132 1133 1134
f 1135 1136 1137
f 1138 1139 1140
f 1141 1142 1143
f 1144 1145 1146
f 1147 1148 1149
f 1150 1151 1152
f 1153 1154 1155
f 1156 1157 1158
f 1159 1160 1161
f 1162 1163 1164
f 1165 1166 1167
f 1168 1169 1170
f 1171 1172 1173
f 1174 1175 1176
f 1177 1178 1179
f 1180 1181 1182
f 1183 1184 1185
f 1186 1187 1188
f 1189 1190 1191
f 1192 1193 1194
f 1195 1196 1197
f 1198 1199 1200
f 1201 1202 1203
f 1204 1205 1206
f 1207 1208 1209
f 1210 1211 1212
f 1213 1214 1215
f 1216 1217 1218
f 1219 1220 1221
f 1222 1223 1224
f 1225 1226 1227
f 1228 1229 1230
f 1231 1232 1233
f 1234 1235 1236
f 1237 1238 1239
f 1240 1241 1242
f 1243 1244 1245
f 1246 1247 1248
f 1249 1250 1251
f 1252 1253 1254
f 1255 1256 1257
f 1258 1259 1260
f 1261 1262 1263
f 1264 1265 1266
f 1267 1268 1269
f 1270 1271 1272
f 1273 1274 1275
f 1276 1277 1278
f 1279 1280 1281
f 1282 1283 1284
f 1285 1286 1287
f 1288 1289 1290
f 1291 1292 1293
f 1294 1295 1296
f 1297 1298 1299
f 1300 1301 1302
f 1303 1304 1305
f 1306 1307 1308
f 1309 1310 1311
f 1312 1313 1314
f 1315 1316 1317
f 1318 1319 1320
f 1321 1322 1323
f 1324 1325 1326
f 1327 1328 1329
f 1330 1331 1332
f 1333 1334 1335
f 1336 1337 1338
f 1339 1340 1341
f 1342 1343 1344
f 1345 1346 1347
f 1348 1349 1350
f 1351 1352 1353
f 1354 1355 1356
f 1357 1358 1359
f 1360 1361 1362
f 1363 1364 1365
f 1366 1367 1368
f 1369 1370 1371
f 1372 1373 1374
f 1375 1376 1377
f 1378 1379 1380
f 1381 1382 1383
f 1384 1385 1386
f 1387 1388 1389
f 1390 1391 1392
f 1393 1394 1395
f 1396 1397 1398
f 1399 1400 1401
f 1402 1403 1404
f 1405 1406 1407
f 1408 1409 1410
f 1411 1412 1413
f 1414 1415 1416
f 1417 1418 1419
f 1420 1421 1422
f 1423 1424 1425
f 1426 1427 1428
f 1429 1430 1431
f 1432 1433 1434
f 1435 1436 1437
f 1438 1439 1440
f 1441 1442 1443
f 1444 1445 1446
f 1447 1448 1449
f 1450 1451 1452
f 1453 1454 1455
f 1456 1457 1458
f 1459 1460 1461
f 1462 1463 1464
f 1465 1466 1467
f 1468 1469 1470
f 1471 1472 1473
f 1474 1475 1476
f 1477 1478 1479
f 1480 1481 1482
f 1483 1484 1485
f 1486 1487 1488
f 1489 1490 1491
f 1492 1493 1494
f 1495 1496 1497
f 1498 1499 1500
f 1501 1502 1503
f 1504 1505 1506
f 1507 1508 1509
f 1510 1511 1512
f 1513 1514 1515
f 1516 1517 1518
f 1519 1520 1521
f 1522 1523 1524
f 1525 1526 1527
f 1528 1529 1530
f 1531 1532 1533
f 1534 1535 1536
f 1537 1538 1539
f 1540 1541 1542
f 1543 1544 1545
f 1546 1547 1548
f 1549 1550 1551
f 1552 1553 1554
f 1555 1556 1557
f 1558 1559 1560
f 1561 1562 1563
f 1564 1565 1566
f 1567 1568 1569
f 1570 1571 1572
f 1573 1574 1575
f 1576 1577 1578
f 1579 1580 1581
f 1582 1583 1584
f 1585 1586 1587
f 1588 1589 1590
f 1591 1592 1593
f 1594 1595 1596
f 1597 1598 1599
f 1600 1601 1602
f 1603 1604 1605
f 1606 1607 1608
f 1609 1610 1611
f 1612 1613 1614
f 1615 1616 1617
f 1618 1619 1620
f 1621 1622 1623
f 1624 1625 1626
f 1627 1628 1629
f 1630 1631 1632
f 1633 1634 1635
f 1636 1637 1638
f 1639 1640 1641
f 1642 1643 1644
f 1645 1646 1647
f 1648 1649 1650
f 1651 1652 1653
f 1654 1655 1656
f 1657 1658 1659
f 1660 1661 1662
f 1663 1664 1665
f 1666 1667 1668
f 1669 1670 1671
f 1672 1673 1674
f 1675 1676 1677
f 1678 1679 1680
f 1681 1682 1683
f 1684 1685 1686
f 1687 1688 1689
f 1690 1691 1692
f 1693 1694 1695
f 1696 1697 1698
f 1699 1700 1701
f 1702 1703 1704
f 1705 1706 1707
f 1708 1709 1710
f 1711 1712 1713
f 1714 1715 1716
f 1717 1718 1719
f 1720 1721 1722
f 1723 1724 1725
f 1726 1727 1728
f 1729 1730 1731
f 1732 1733 1734
f 1735 1736 1737
f 1738 1739 1740
f 1741 1742 1743
f 1744 1745 1746
f 1747 1748 1749
f 1750 1751 1752
f 1753 1754 1755
f 1756 1757 1758
f 1759 1760 1761
f 1762 1763 1764
f 1765 1766 1767
f 1768 1769 1770
f 1771 1772 1773
f 1774 1775 1776
f 1777 1778 1779
f 1780 1781 1782
f 1783 1784 1785
f 1786 1787 1788
f 1789 1790 1791
f 1792 1793 1794
f 1795 1796 1797
f 1798 1799 1800
f 1801 1802 1803
f 1804 1805 1806
f 1807 1808 1809
f 1810 1811 1812
f 1813 1814 1815
f 1816 1817 1818
f 1819 1820 1821
f 1822 1823 1824
f 1825 1826 1827
f 1828 1829 1830
f 1831 1832 1833
f 1834 1835 1836
f 1837 1838 1839
f 1840 1841 1842
f 1843 1844 1845
f 1846 1847 1848
f 1849 1850 1851
f 1852 1853 1854
f 1855 1856 1857
f 1858 1859 1860
f 1861 1862 1863
f 1864 1865 1866
f 1867 1868 1869
f 1870 1871 1872
f 1873 1874 1875
f 1876 1877 1878
f 1879 1880 1881
f 1882 1883 1884
f 1885 1886 1887
f 1888 1889 1890
f 1891 1892 1893
f 1894 1895 1896
f 1897 1898 1899
f 1900 1901 1902
f 1903 1904 1905
f 1906 1907 1908
f 1909 1910 1911
f 1912 1913 1914
f 1915 1916 1917
f 1918 1919 1920
f 1921 1922 1923
f 1924 1925 1926
f 1927 1928 1929
f 1930 1931 1932
f 1933 1934 1935
f 1936 1937 1938
f 1939 1940 1941
f 1942 1943 1944
f 1945 1946 1947
f 1948 1949 1950
f 1951 1952 1953
f 1954 1955 1956
f 1957 1958 1959
f 1960 1961 1962
f 1963 1964 1965
f 1966 1967 1968
f 1969 1970 1971
f 1972 1973 1974
f 1975 1976 1977
f 1978 1979 1980
f 1981 1982 1983
f 1984 1985 1986
f 1987 1988 1989
f 1990 1991 1992
f 1993 1994 1995
f 1996 1997 1998
f 1999 2000 2001
f 2002 2003 2004
f 2005 2006 2007
f 2008 2009 2010
f 2011 2012 2013
f 2014 2015 2016
f 2017 2018 2019
f 2020 2021 2022
f 2023 2024 2025
f 2026 2027 2028
f 2029 2030 2031
f 2032 2033 2034
f 2035 2036 2037
f 2038 2039 2040
f 2041 2042 2043
f 2044 2045 2046
f 2047 2048 2049
f 2050 2051 2052
f 2053 2054 2055
f 2056 2057 2058
f 2059 2060 2061
f 2062 2063 2064
f 2065 2066 2067
f 2068 2069 2070
f 2071 2072 2073
f 2074 2075 2076
f 2077 2078 2079
f 2080 2081 2082
f 2083 2084 2085
f 2086 2087 2088
f 2089 2090 2091
f 2092 2093 2094
f 2095 2096 2097
f 2098 2099 2100
f 2101 2102 2103
f 2104 2105 2106
f 2107 2108 2109
f 2110 2111 2112
f 2113 2114 2115
f 2116 2117 2118
f 2119 2120 2121
f 2122 2123 2124
f 2125 2126 2127
f 2128 2129 2130
f 2131 2132 2133
f 2134 2135 2136
f 2137 2138 2139
f 2140 2141 2142
f 2143 2144 2145
f 2146 2147 2148
f 2149 2150 2151
f 2152 2153 2154
f 2155 2156 2157
f 2158 2159 2160
f 2161 2162 2163
f 2164 2165 2166
f 2167 2168 2169
f 2170 2171 2172
f 2173 2174 2175
f 2176 2177 2178
f 2179 2180 2181
f 2182 2183 2184
f 2185 2186 2187
f 2188 2189 2190
f 2191 2192 2193
f 2194 2195 2196
f 2197 2198 2199
f 2200 2201 2202
f 2203 2204 2205
f 2206 2207 2208
f 2209 2210 2211
f 2212 2213 2214
f 2215 2216 2217
f 2218 2219 2220
f 2221 2222 2223
f 2224 2225 2226
f 2227 2228 2229
f 2230 2231 2232
f 2233 2234 2235
f 2236 2237 2238
f 2239 2240 2241
f 2242 2243 2244
f 2245 2246 2247
f 2248 2249 2250
f 2251 2252 2253
f 2254 2255 2256
f 2257 2258 2259
f 2260 2261 2262
f 2263 2264 2265
f 2266 2267 2268
f 2269 2270 2271
f 2272 2273 2274
f 2275 2276 2277
f 2278 2279 2280
f 2281 2282 2283
f 2284 2285 2286
f 2287 2288 2289
f 2290 2291 2292
f 2293 2294 2295
f 2296 2297 2298
f 2299 2300 2301
f 2302 2303 2304
f 2305 2306 2307
f 2308 2309 2310
f 2311 2312 2313
f 2314 2315 2316
f 2317 2318 2319
f 2320 2321 2322
f 2323 2324 2325
f 2326 2327 2328
f 2329 2330 2331
f 2332 2333 2334
f 2335 2336 2337
f 2338 2339 2340
f 2341 2342 2343
f 2344 2345 2346
f 2347 2348 2349
f 2350 2351 2352
f 2353 2354 2355
f 2356 2357 2358
f 2359 2360 2361
f 2362 2363 2364
f 2365 2366 2367
f 2368 2369 2370
f 2371 2372 2373
f 2374 2375 2376
f 2377 2378 2379
f 2380 2381 2382
f 2383 2384 2385
f 2386 2387 2388
f 2389 2390 2391
f 2392 2393 2394
f 2395 2396 2397
f 2398 2399 2400
f 2401 2402 2403
f 2404 2405 2406
f 2407 2408 2409
f 2410 2411 2412
f 2413 2414 2415
f 2416 2417 2418
f 2419 2420 2421
f 2422 2423 2424
f 2425 2426 2427
f 2428 2429 2430
f 2431 2432 2433
f 2434 2435 2436
f 2437 2438 2439
f 2440 2441 2442
f 2443 2444 2445
f 2446 2447 2448
f 2449 2450 2451
f 2452 2453 2454
f 2455 2456 2457
f 2458 2459 2460
f 2461 2462 2463
f 2464 2465 2466
f 2467 2468 2469
f 2470 2471 2472
f 2473 2474 2475
f 2476 2477 2478
f 2479 2480 2481
f 2482 2483 2484
f 2485 2486 2487
f 2488 2489 2490
f 2491 2492 2493
f 2494 2495 2496
f 2497 2498 2499
f 2500 2501 2502
f 2503 2504 2505
f 2506 2507 2508
f 2509 2510 2511
f 2512 2513 2514
f 2515 2516 2517
f 2518 2519 2520
f 2521 2522 2523
f 2524 2525 2526
f 2527 2528 2529
f 2530 2531 2532
